date,Open,High,Low,Close,Adj Close,Volume,AdrActCnt,FeeTotUSD,TxCnt,TxTfrValAdjUSD,returns,log_returns,volatility,MA_7,MA_ratio_7,std_7,mom_7,MA_14,MA_ratio_14,std_14,mom_14,MA_30,MA_ratio_30,std_30,mom_30,MA_50,MA_ratio_50,std_50,mom_50,MA_100,MA_ratio_100,std_100,mom_100,MA_200,MA_ratio_200,std_200,mom_200,EMA_12,EMA_26,EMA_9,EMA_50,EMA_200,MACD,MACD_signal,MACD_hist,MACD_ratio,BB_middle_20,BB_std_20,BB_upper_20,BB_lower_20,BB_width_20,BB_pos_20,BB_middle_50,BB_std_50,BB_upper_50,BB_lower_50,BB_width_50,BB_pos_50,RSI_7,RSI_14,RSI_21,ROC_1,ROC_3,ROC_5,ROC_7,ROC_14,ROC_30,volume_change,volume_ma_ratio,OBV,VWMA_20,close_lag_1,return_lag_1,close_lag_2,return_lag_2,close_lag_3,return_lag_3,close_lag_4,return_lag_4,close_lag_5,return_lag_5,close_lag_6,return_lag_6,close_lag_7,return_lag_7,high_low_ratio,close_open_ratio,price_swing,price_swing_ma,price_swing_ratio,returns_skew,returns_kurt,day_of_week,month,day_of_week_sin,day_of_week_cos,month_sin,month_cos,target_return_1d,target_return_3d,target_return_7d
2025-07-17,120226.0,120226.0,120226.0,120226.0,116583.0,0.0,811618.0,716453.4024313344,428846.0,25095425680.238194,0.012702370322950074,0.012622371950726626,0.024433632612521156,117138.0,1.0263620686711312,0.03595388036260625,0.10528251236508734,112884.07142857143,1.0650395443618736,0.027857599652282856,0.13957213675699753,108855.06666666667,1.104459385139619,0.024433632612521156,0.14221381950844125,107755.76,1.1157268994251341,0.021531563064616527,0.09639235427154014,101361.97953125,1.1861054860608065,0.023513069903174474,0.43974962516187777,97142.5461328125,1.2376245505818506,0.025018563990591196,0.25502743229271063,114739.96913968748,111274.32978214821,115980.31038681573,108072.25899522887,96949.48435296289,3465.639357539272,2372.6418066095375,1092.9975509297346,1.460666902135619,111139.0,5108.138377550116,121355.27675510023,100922.72324489977,0.1838468360359575,0.9447314916103162,107755.76,4612.302973215659,116980.36594643131,98531.15405356868,0.1712132315976655,1.1759226395368758,78.72191011233191,75.41509889878644,71.24870047356197,1.2702370322950074,0.03411407413571599,1.8346603421988794,10.528251236508734,13.957213675699753,14.221381950844126,-1.0,0.0,2211823216040.0,0.0,118718.0,0.019563723806252042,116440.0,-0.031160294545908407,120185.0,0.02230293544737716,117563.0,-0.004209723869219029,118060.0,0.08536966554507508,108774.0,0.0,108774.0,0.0072319502189956975,0.9999999999999917,0.9999999999999917,0.0,0.0,0.0,1.1654450365190778,2.967620319465799,3,7,0.43388373911755823,-0.900968867902419,-0.4999999999999997,-0.8660254037844388,-0.02277377605509623,-0.014214895280554973,-0.009581953986658509
2025-07-18,117488.0,117488.0,117488.0,117488.0,116583.0,0.0,757713.0,524995.7919334312,449609.0,17609185085.22226,-0.02277377605509623,-0.02303710415745486,0.024400260148890764,118382.85714285714,0.9924409904908927,0.038473039433828814,0.08011105595087065,113446.85714285714,1.0356214615276036,0.02776183967438833,0.07188278334808262,109152.96666666666,1.076361033399907,0.024400260148890764,0.08232996471704546,107925.5,1.0886027861811982,0.021789118282935817,0.077861670993844,101754.7146875,1.1546197182196176,0.022675552796109087,0.5021258650341898,97259.1618359375,1.207989024192749,0.025043192273563993,0.24768412314108024,115162.7431181971,111734.60165013724,116281.8483094526,108441.50374051402,97153.8476927344,3428.141468059868,2583.7417388996037,844.3997291602645,1.3268127446509268,111632.7,5225.3323147901065,122083.3646295802,101182.03537041979,0.18723303529485735,0.7801400775710484,107925.5,4810.954520462488,117547.40904092498,98303.59095907502,0.1783064992226098,0.996912824644606,69.21584193347074,64.27406790097831,63.877980763720295,-2.277377605509623,0.9000343524562027,-0.06379558194329338,8.011105595087065,7.188278334808262,8.232996471704546,-1.0,0.0,2211823216040.0,0.0,120226.0,0.012702370322950074,118718.0,0.019563723806252042,116440.0,-0.031160294545908407,120185.0,0.02230293544737716,117563.0,-0.004209723869219029,118060.0,0.08536966554507508,108774.0,0.0,0.9999999999999915,0.9999999999999915,0.0,0.0,0.0,1.307511527971356,3.4141987350854923,4,7,-0.433883739117558,-0.9009688679024191,-0.4999999999999997,-0.8660254037844388,0.004553656543647033,-0.0053707612692359685,-0.006204889009941428
2025-07-19,118073.0,118073.0,118073.0,118023.0,116583.0,0.0,655287.0,518247.357078489,432190.0,8387552008.253034,0.004553656543647033,0.004543320017137281,0.023449282387724722,118377.57142857143,0.9970047414869768,0.02069396021262017,-0.0003133999661188991,114032.5,1.034994409488514,0.027746378033469767,0.07465581293706292,109587.36666666667,1.0769763303008368,0.023449282387724722,0.12412492499357097,108089.26,1.0919031178490712,0.021776336541765334,0.0745481859152366,102142.591328125,1.1554729370518835,0.022658440582445018,0.4895248263110199,97373.4571875,1.212065417095508,0.02503568141934362,0.24020729689878073,115602.78263847448,112200.40893531225,116630.0786475621,108817.24869186642,97361.50094952312,3402.3737031622295,2747.468131752129,654.9055714101005,1.238366940034792,112184.6,5291.108752574322,122766.81750514865,101602.38249485136,0.18865722220605227,0.7758590057877104,108089.26,5012.41588177158,118114.09176354315,98064.42823645684,0.18549172718072207,0.9954566936536821,49.867126337689506,64.68354883767665,64.63706161933354,0.45536565436470333,-0.5854209134250943,-1.7988933727170586,-0.03133999661188991,7.4655812937062915,12.412492499357096,-1.0,0.0,2211823216040.0,0.0,117488.0,-0.02277377605509623,120226.0,0.012702370322950074,118718.0,0.019563723806252042,116440.0,-0.031160294545908407,120185.0,0.02230293544737716,117563.0,-0.004209723869219029,118060.0,0.08536966554507508,0.9999999999999915,0.9995765331616796,0.0,0.0,0.0,1.4328879286305052,3.979318983984923,5,7,-0.9749279121818236,-0.2225209339563146,-0.4999999999999997,-0.8660254037844388,0.004185624835837176,-0.009879430280538504,0.0021351770417630256
2025-07-20,118517.0,118517.0,118517.0,118517.0,116583.0,0.0,625098.0,362605.3593660465,405387.0,8480399420.977846,0.004185624835837176,0.004176889475016231,0.02331503860586084,118513.85714285714,1.0000265189001323,0.020643080910429396,0.008114798023187486,114819.0,1.0322072130919009,0.02668363536844724,0.10242219038937361,110070.1,1.07674109499309,0.02331503860586084,0.1392031527851203,108312.06,1.0942179476597427,0.021499992768372826,0.10374661240302863,102565.041796875,1.1555301682099044,0.02226465810171588,0.5538739358852625,97498.3910546875,1.2155790338480745,0.025001666545167486,0.2671518540672304,116051.12377101686,112668.30456973356,117007.46291804968,109197.63109610697,97572.00342763732,3382.8192012833024,2874.538345658364,508.28085562493834,1.1768217343113399,112746.8,5338.908341006969,123424.61668201393,102068.98331798607,0.1894123235783869,0.7701956856835135,108312.06,5223.259969656061,118758.57993931213,97865.54006068787,0.19289670862712854,0.9884373006170214,53.426724137904166,71.09791147725636,66.27801930999402,0.4185624835837176,-1.4214895280554973,1.7837512882171058,0.8114798023187486,10.24221903893736,13.92031527851203,-1.0,0.0,2211823216040.0,0.0,118023.0,0.004553656543647033,117488.0,-0.02277377605509623,120226.0,0.012702370322950074,118718.0,0.019563723806252042,116440.0,-0.031160294545908407,120185.0,0.02230293544737716,117563.0,-0.004209723869219029,0.9999999999999916,0.9999999999999916,0.0,0.0,0.0,1.4035115920904844,4.019686385648797,6,7,-0.7818314824680299,0.6234898018587334,-0.4999999999999997,-0.8660254037844388,-0.0140064294573774,-0.000978762540395084,0.0037631732156568898
2025-07-21,116857.0,116857.0,116857.0,116857.0,116583.0,0.0,733805.0,503048.4317906841,388565.0,16769845337.783592,-0.0140064294573774,-0.014105445148609065,0.02355931594825941,118038.42857142857,0.9899911530022222,0.018993378897519796,-0.02769064359113038,115440.92857142857,1.0122666323468996,0.02728800026946686,0.08050855293573744,110489.83333333333,1.0576267198037732,0.02355931594825941,0.12076919388097629,108531.76,1.0767078687381364,0.021499844939709595,0.10375736738703334,102907.872265625,1.1355496661943265,0.02090183195815556,0.4151799154280831,97619.46,1.1970666504403813,0.02501368766243449,0.26136603877898157,116175.10472932196,112978.57830530885,116977.37033443977,109497.99850410278,97763.89394079515,3196.5264240131073,2938.9359613293127,257.5904626837946,1.0876475248430375,113217.45,5261.172227544376,123739.79445508875,102695.10554491125,0.18587849231878403,0.6729438727050602,108531.76,5348.06562993013,119227.89125986025,97835.62874013974,0.19710601320498541,0.8891706168211275,37.15851211604722,66.05805761495611,63.02386258625527,-1.40064294573774,-0.5370761269235969,-1.5675803163799906,-2.769064359113038,8.050855293573743,12.076919388097629,-1.0,0.0,2211823216040.0,0.0,118517.0,0.004185624835837176,118023.0,0.004553656543647033,117488.0,-0.02277377605509623,120226.0,0.012702370322950074,118718.0,0.019563723806252042,116440.0,-0.031160294545908407,120185.0,0.02230293544737716,0.9999999999999915,0.9999999999999915,0.0,0.0,0.0,1.4158801124821219,3.881124086550309,0,7,0.0,1.0,-0.4999999999999997,-0.8660254037844388,0.0,0.018971905833625735,0.007932772533951749
2025-07-22,116857.0,116857.0,116857.0,116857.0,116583.0,0.0,730808.0,544080.707205705,423231.0,20152204153.66159,0.0,0.0,0.023462565673443854,118098.0,0.9894917780148605,0.014689108162314958,0.0035812435589144265,116033.92857142857,1.0070933686267785,0.027328869012638878,0.07647736170604769,110937.46666666666,1.053359189741719,0.023462565673443854,0.12983911513323276,108775.48,1.0742954202546284,0.021413699591213604,0.11642193157608127,103280.180859375,1.131456190603596,0.020523712793377155,0.4675708138403827,97736.598984375,1.1956319455998314,0.02500892805804567,0.25075454024429256,116280.01169404166,113265.8688012119,116953.2962675518,109786.58679805954,97953.87509561311,3014.1428928297682,2953.977347629404,60.16554520036425,1.020367639327914,113681.0,5146.047302745547,123973.09460549109,103388.90539450891,0.1810697408624308,0.6542931794614902,108775.48,5445.3175437849495,119666.1150875699,97884.8449124301,0.20024062569192613,0.8710307036741609,52.26310647993424,65.54332359765904,62.85121371811922,0.0,-0.9879430280538504,-2.802222480994132,0.35812435589144265,7.647736170604769,12.983911513323276,-1.0,0.0,2211823216040.0,0.0,116857.0,-0.0140064294573774,118517.0,0.004185624835837176,118023.0,0.004553656543647033,117488.0,-0.02277377605509623,120226.0,0.012702370322950074,118718.0,0.019563723806252042,116440.0,-0.031160294545908407,0.9999999999999915,0.9999999999999915,0.0,0.0,0.0,1.401679299089226,3.9235895531413023,1,7,0.7818314824680298,0.6234898018587336,-0.4999999999999997,-0.8660254037844388,0.013212730088911995,-0.0008386318320682262,0.006084359516332016
2025-07-23,118401.0,118401.0,118401.0,118401.0,116583.0,0.0,738717.0,475185.7951275712,365110.0,13058241225.217842,0.013212730088911995,0.013126203307385386,0.023336019663624946,118052.71428571429,1.0029502558784187,0.013468240690978454,-0.0026701932310180254,116777.35714285714,1.0139037472406196,0.02721205049978175,0.09637661700295386,111474.03333333334,1.0621397329901248,0.023336019663624946,0.15734477635283084,109047.5,1.0857745477887977,0.02146703505507451,0.12978053435114512,103630.1425,1.1425343741083716,0.02007288015396911,0.4195939440337084,97856.5051953125,1.2099451105849468,0.02501442066399042,0.25398542363476784,116606.317587266,113646.248890011,117242.83701404145,110124.40692362584,98157.32907476125,2960.068697255003,2955.195617554524,4.873079700479138,1.001648987183972,114326.0,4867.722660005007,124061.44532001001,104590.55467998999,0.17031025873396996,0.709286779703011,109047.5,5580.704959674702,120208.9099193494,97886.0900806506,0.20470730496983977,0.9190106835778814,48.13067578719932,68.79514591155146,64.2209072977949,1.3212730088911995,-0.09787625403950839,0.7771006400653757,-0.26701932310180254,9.637661700295386,15.734477635283085,-1.0,0.0,2211823216040.0,0.0,116857.0,0.0,116857.0,-0.0140064294573774,118517.0,0.004185624835837176,118023.0,0.004553656543647033,117488.0,-0.02277377605509623,120226.0,0.012702370322950074,118718.0,0.019563723806252042,0.9999999999999916,0.9999999999999916,0.0,0.0,0.0,1.3262535154228656,3.8573743318977534,2,7,0.9749279121818236,-0.22252093395631434,-0.4999999999999997,-0.8660254037844388,0.005684073614243168,-0.0010641802011807089,-0.012145167692840464
2025-07-24,119074.0,119074.0,119074.0,119074.0,116583.0,0.0,719805.0,1182674.4499003277,408556.0,13853318530.230793,0.005684073614243168,0.005667980223031448,0.022211168354746912,117888.14285714286,1.0100591723146675,0.01256993849882553,-0.009581953986658509,117513.07142857143,1.0132830207946384,0.02721385889053898,0.09469174618934662,112144.76666666666,1.0617882897195583,0.022211168354746912,0.203351119734821,109317.5,1.0892492052964888,0.021460747698176963,0.12787239282399065,103968.01140625,1.145294580413998,0.019983431310806956,0.3961547163762109,97967.4408203125,1.21544463143014,0.024954728510743367,0.22900031609028582,116985.96103537893,114048.30452778796,117609.06961123316,110475.37135799346,98365.45515361935,2937.656507590975,2951.6877955618143,-14.031287970839458,0.9952463509206725,114799.25,4845.040099501633,124489.33019900326,105109.16980099674,0.16881783110957918,0.7205735098270387,109317.5,5733.69849740834,120784.89699481668,97850.10300518332,0.20979983982100894,0.9254016846372836,42.464678178925006,68.6729514140333,68.5357659847202,0.5684073614243168,1.8971905833625735,0.8905043932114998,-0.9581953986658509,9.469174618934662,20.3351119734821,-1.0,0.0,2211823216040.0,0.0,118401.0,0.013212730088911995,116857.0,0.0,116857.0,-0.0140064294573774,118517.0,0.004185624835837176,118023.0,0.004553656543647033,117488.0,-0.02277377605509623,120226.0,0.012702370322950074,0.9999999999999916,0.9999999999999916,0.0,0.0,0.0,1.5360746804008336,4.6378678412274414,3,7,0.43388373911755823,-0.900968867902419,-0.4999999999999997,-0.8660254037844388,-0.01944169172111465,-0.0009321934259368669,-0.017720073231771827
2025-07-25,116759.0,116759.0,116759.0,116759.0,116583.0,0.0,749904.0,606640.6179392493,433467.0,24090738856.259953,-0.01944169172111465,-0.019633167210888,0.021646494751743434,117784.0,0.9912976295591847,0.011650993770564595,-0.006204889009941428,118083.42857142857,0.9887839590410571,0.028070974662961972,0.07340908673028479,112600.0,1.0369360568383565,0.021646494751743434,0.1324610579814165,109564.76,1.0656619883984497,0.021600887431111323,0.11842407755086404,104298.751640625,1.1194668983412888,0.019990945385753318,0.3952205616356803,98060.698671875,1.1906808903196884,0.024984912779965333,0.19011373931526432,116951.04395301294,114249.09678498885,117439.05568898654,110721.78816748392,98548.47550034951,2701.947168024082,2901.739670054268,-199.79250203018591,0.9311473375461761,115146.0,4716.692942706654,124579.38588541331,105712.61411458669,0.16385086560389822,0.5854942233675381,109564.76,5783.487241787371,121131.73448357474,97997.78551642525,0.21114406646032238,0.8109819257496899,44.95222268379523,63.35507609965255,60.26708788049208,-1.9441691721114651,-0.08386318320682262,-1.483331505184915,-0.6204889009941428,7.340908673028479,13.246105798141649,-1.0,0.0,2211823216040.0,0.0,119074.0,0.005684073614243168,118401.0,0.013212730088911995,116857.0,0.0,116857.0,-0.0140064294573774,118517.0,0.004185624835837176,118023.0,0.004553656543647033,117488.0,-0.02277377605509623,0.9999999999999915,0.9999999999999915,0.0,0.0,0.0,1.7379755055806234,5.970547323491092,4,7,-0.433883739117558,-0.9009688679024191,-0.4999999999999997,-0.8660254037844388,0.012984009797959883,0.008778766519069281,-0.029522349454859986
2025-07-26,118275.0,118275.0,118275.0,118275.0,116583.0,0.0,652309.0,501929.32256762177,571396.0,8170753066.456368,0.012984009797959883,0.01290044014488385,0.021414492397191398,117820.0,1.003861823120005,0.012689687209363414,0.0021351770417630256,118098.78571428571,1.0014920922738324,0.01649195814336441,0.0018211079112315787,113025.5,1.0464452711998526,0.021414492397191398,0.1209837930054023,109804.94,1.0771373309798167,0.021540119576692426,0.11300886454745629,104636.077734375,1.1303462683324876,0.020002108935989433,0.3990023126342128,98160.8925390625,1.2049095820204774,0.02499885244328918,0.20398557781279303,117154.72949870325,114547.31183795264,117606.24455118924,111017.99255307279,98744.75932621668,2607.417660750609,2842.8752681935366,-235.45760744292784,0.9171762440377966,115684.45,4402.864659274001,124490.179318548,106878.72068145199,0.15223704341504726,0.647094573673911,109804.94,5892.038299506888,121589.01659901378,98020.86340098623,0.214636547299487,0.8593858173286149,51.53621068027788,50.48587570618275,61.698181113443816,1.2984009797959883,-0.10641802011807089,1.2134489161967243,0.21351770417630256,0.18211079112315787,12.09837930054023,-1.0,0.0,2211823216040.0,0.0,116759.0,-0.01944169172111465,119074.0,0.005684073614243168,118401.0,0.013212730088911995,116857.0,0.0,116857.0,-0.0140064294573774,118517.0,0.004185624835837176,118023.0,0.004553656543647033,0.9999999999999916,0.9999999999999916,0.0,0.0,0.0,1.8236500251621275,6.488729523525266,5,7,-0.9749279121818236,-0.2225209339563146,-0.4999999999999997,-0.8660254037844388,0.005816952018600663,-0.005977594588881807,-0.05053477066159373
2025-07-27,118963.0,118963.0,118963.0,118963.0,116583.0,0.0,615345.0,486977.14824011794,473722.0,6202367324.580468,0.005816952018600663,0.00580009887756604,0.021175463212568784,117883.71428571429,1.0091555116058597,0.012785968144210251,0.0037631732156568898,118198.78571428571,1.006465500310304,0.01650077491295367,0.011908508629415726,113399.8,1.0490582875807448,0.021175463212568784,0.10422893422689206,110083.26,1.0806638538865847,0.02145202946627549,0.13247403543175906,104989.0178125,1.1330994658170346,0.01995397545025945,0.42182900606005935,98264.132734375,1.2106451936188805,0.025000928325615845,0.21001929783226192,117432.92496044122,114874.39984995616,117877.5956409514,111329.56147256013,98945.93585033392,2558.5251104850613,2786.0052366518416,-227.48012616678034,0.9183489954810425,116225.1,4081.1120246672835,124387.32404933457,108062.87595066545,0.14045544463862777,0.6677177680648535,110083.26,5990.5514372932275,122064.36287458646,98102.15712541353,0.21767347505127213,0.8705727299460162,52.656026679327226,53.13676286069439,66.60868052531389,0.5816952018600663,-0.0932193425936867,1.8022026921793222,0.376317321565689,1.1908508629415726,10.422893422689206,-1.0,0.0,2211823216040.0,0.0,118275.0,0.012984009797959883,116759.0,-0.01944169172111465,119074.0,0.005684073614243168,118401.0,0.013212730088911995,116857.0,0.0,116857.0,-0.0140064294573774,118517.0,0.004185624835837176,0.9999999999999916,0.9999999999999916,0.0,0.0,0.0,1.9440824309294806,7.132378600315388,6,7,-0.7818314824680299,0.6234898018587334,-0.4999999999999997,-0.8660254037844388,-0.009910644486100684,-0.016811949934013137,-0.03927271504585461
2025-07-28,117784.0,117784.0,117784.0,117784.0,116583.0,0.0,728095.0,520847.642230516,502425.0,14168077526.58571,-0.009910644486100684,-0.00996008183167041,0.02130238630931266,118016.14285714286,0.9980329567504603,0.012079991485997641,0.007932772533951749,118027.28571428571,0.9979387332953191,0.015514152866053958,-0.019977534634105787,113738.8,1.0355656996556932,0.02130238630931266,0.09450443250878138,110393.46,1.0669472629990846,0.021119573534078256,0.15165144611533732,105326.519140625,1.1182748747515474,0.02000032287149426,0.4016253677484012,98342.6623046875,1.1976897639305075,0.02487430347153687,0.15386176100633753,117486.93650498873,115089.92578699645,117858.87651276113,111582.67670893033,99133.3792747087,2397.010717992278,2708.206332919929,-311.19561492765115,0.8850916153818266,116686.55,3669.1820754250793,124024.91415085016,109348.18584914984,0.12577909194933087,0.574774839285693,110393.46,5979.478976039359,122352.41795207873,98434.50204792128,0.21666062377388323,0.808995985670915,55.855969677777516,44.248550759324516,63.752640895296665,-0.9910644486100684,0.8778766519069281,-0.5211104635940544,0.7932772533951749,-1.9977534634105787,9.450443250878138,-1.0,0.0,2211823216040.0,0.0,118963.0,0.005816952018600663,118275.0,0.012984009797959883,116759.0,-0.01944169172111465,119074.0,0.005684073614243168,118401.0,0.013212730088911995,116857.0,0.0,116857.0,-0.0140064294573774,0.9999999999999915,0.9999999999999915,0.0,0.0,0.0,1.94490591898331,7.013241564431056,0,7,0.0,1.0,-0.4999999999999997,-0.8660254037844388,-0.001833865380696853,-0.006961896352645547,-0.020996060585478538
2025-07-29,117568.0,117568.0,117568.0,117568.0,116583.0,0.0,715626.0,576547.074803198,346511.0,15537768326.795067,-0.001833865380696853,-0.0018355489704469487,0.02125601412667103,118117.71428571429,0.9953460470426512,0.01212993868186929,0.006084359516332016,118107.85714285714,0.9954291174531669,0.012943086262506398,0.009687392648574322,114091.56666666667,1.0304705547912156,0.02125601412667103,0.09892040940318747,110659.94,1.0624260233649045,0.020999314955878125,0.12781550976555,105653.241640625,1.11277229334715,0.01999607777527297,0.3848514207130509,98445.8887890625,1.1942398148480202,0.02460428985872591,0.21300785274605905,117499.40781191355,115273.48683981154,117800.7012102089,111817.39526936444,99316.8083366519,2225.920972102016,2611.7492607563468,-385.82828865433066,0.8522720789271137,117165.3,3047.0879644583556,123259.47592891671,111071.1240710833,0.10402697605718855,0.5330397419353011,110659.94,5996.702935644387,122653.34587128878,98666.53412871122,0.2167614743201319,0.7879940891743076,54.372155946331254,53.251845018407195,62.93595889424113,-0.1833865380696853,-0.5977594588881807,-1.2647597292440027,0.6084359516332016,0.9687392648574322,9.892040940318747,-1.0,0.0,2211823216040.0,0.0,117784.0,-0.009910644486100684,118963.0,0.005816952018600663,118275.0,0.012984009797959883,116759.0,-0.01944169172111465,119074.0,0.005684073614243168,118401.0,0.013212730088911995,116857.0,0.0,0.9999999999999915,0.9999999999999915,0.0,0.0,0.0,1.9398184098598132,7.046259401719134,1,7,0.7818314824680298,0.6234898018587336,-0.4999999999999997,-0.8660254037844388,-0.005145958083832336,-0.03620032661948824,-0.00837813010342947
2025-07-30,116963.0,116963.0,116963.0,116963.0,116583.0,0.0,733090.0,504044.0415163454,426989.0,14540172439.946426,-0.005145958083832336,-0.005159244125340803,0.0213126233130658,117912.28571428571,0.9919492213340099,0.010959955217292785,-0.012145167692840464,117982.5,0.9913588879706652,0.011818613146479213,-0.014782930979295505,114414.56666666667,1.0222736790216307,0.0213126233130658,0.09033027882132494,110884.38,1.0548194434599258,0.02095791377087925,0.10612723541483438,105978.36359375,1.103649802032768,0.019995662153934324,0.38498384275682684,98555.486171875,1.1867731015604974,0.02456479127140313,0.2306256730571874,117416.88353315761,115398.63596278847,117633.16096816714,112019.18369017368,99492.39233330214,2018.2475703691453,2493.048922678907,-474.80135230976157,0.8095499257991403,117574.75,2324.7431069145955,122224.2362138292,112925.2637861708,0.07908987625028595,0.43421316121113807,110884.38,6018.8068988217865,122921.99379764358,98846.76620235643,0.21712009928979106,0.7524844251602907,40.00278086759177,44.40048497220205,62.858371559595184,-0.5145958083832336,-1.6811949934013137,0.17471886535513903,-1.2145167692840464,-1.4782930979295505,9.033027882132494,-1.0,0.0,2211823216040.0,0.0,117568.0,-0.001833865380696853,117784.0,-0.009910644486100684,118963.0,0.005816952018600663,118275.0,0.012984009797959883,116759.0,-0.01944169172111465,119074.0,0.005684073614243168,118401.0,0.013212730088911995,0.9999999999999915,0.9999999999999915,0.0,0.0,0.0,1.9614581233111992,7.046773650463449,2,7,0.9749279121818236,-0.22252093395631434,-0.4999999999999997,-0.8660254037844388,8.54971230213053e-06,-0.03988440788967451,0.00047878388892219625
2025-07-31,116964.0,116964.0,116964.0,116964.0,116583.0,0.0,752871.0,446678.5529203224,477852.0,12986942221.96982,8.54971230213053e-06,8.549675753548625e-06,0.021318452572491306,117610.85714285714,0.9945000218638622,0.010524593406796129,-0.017720073231771827,117749.5,0.9933290587221092,0.011154980907629376,-0.027132234292083224,114731.9,1.0194549205582666,0.021318452572491306,0.08860429619150434,111097.56,1.0528044000246175,0.020955352198915336,0.10026809651474533,106297.369453125,1.1003470791586962,0.019994890154235723,0.3750212272700597,98677.8859765625,1.1853111651356165,0.024482743424005114,0.26469389946255095,117347.20914344105,115514.58885443376,117499.32877453371,112213.09805526491,99666.23917575684,1832.620289007289,2360.9631959445833,-528.3429069372942,0.776217220223677,117984.25,1082.1564666951108,120148.56293339022,115819.93706660978,0.03668816699500484,0.2643016441245105,111097.56,6042.020476223214,123181.60095244643,99013.51904755356,0.21753926823318756,0.7427350264321799,33.81901840487167,38.48489127361347,62.00879765392076,0.000854971230213053,-0.6961896352645547,-1.1084337349397622,-1.7720073231771827,-2.7132234292083224,8.860429619150434,-1.0,0.0,2211823216040.0,0.0,116963.0,-0.005145958083832336,117568.0,-0.001833865380696853,117784.0,-0.009910644486100684,118963.0,0.005816952018600663,118275.0,0.012984009797959883,116759.0,-0.01944169172111465,119074.0,0.005684073614243168,0.9999999999999915,0.9999999999999915,0.0,0.0,0.0,1.967718417495949,7.057796488208251,3,7,0.43388373911755823,-0.900968867902419,-0.4999999999999997,-0.8660254037844388,-0.03122328237748362,-0.022853185595567815,0.014679730515372302
2025-08-01,113312.0,113312.0,113312.0,113312.0,116583.0,0.0,838177.0,617772.5230681637,399495.0,19770042652.224667,-0.03122328237748362,-0.03172111921357997,0.022218369317450685,117118.42857142857,0.9674993199801339,0.014039840821530224,-0.029522349454859986,117451.21428571429,0.9647580119891641,0.012516441412089905,-0.035544055563121346,114922.76666666666,0.985983920215394,0.022218369317450685,0.05322253824847101,111159.88,1.0193605822532281,0.020873034311831153,0.02827688845330134,106578.74640625,1.0631763256820788,0.020291445513403,0.3303542707596583,98770.9387109375,1.1472200373797918,0.024538835315695527,0.19651807085193562,116726.40773675781,115351.43412447572,116661.86301962697,112256.19224917609,99802.01789042592,1374.9736122820905,2163.765279212085,-788.7916669299943,0.635454143520659,117746.85,1503.4556081835226,120753.76121636706,114739.93878363296,0.051074168291840076,-0.2374427911040807,111159.88,6048.597923688391,123257.0758473768,99062.68415262322,0.21765399256236473,0.5889511927868012,28.06414662082264,36.15200955030467,56.010277601155536,-3.122328237748362,-3.6200326619488243,-4.750216453855405,-2.9522349454859986,-3.5544055563121346,5.322253824847101,-1.0,0.0,2211823216040.0,0.0,116964.0,8.54971230213053e-06,116963.0,-0.005145958083832336,117568.0,-0.001833865380696853,117784.0,-0.009910644486100684,118963.0,0.005816952018600663,118275.0,0.012984009797959883,116759.0,-0.01944169172111465,0.9999999999999911,0.9999999999999911,0.0,0.0,0.0,1.7596789371183512,6.0903317713159595,4,8,-0.433883739117558,-0.9009688679024191,-0.8660254037844385,-0.5000000000000004,-0.00894874329285511,0.017641556057610863,0.05213040101666189
2025-08-02,112298.0,112298.0,112298.0,112298.0,116583.0,0.0,693800.0,458464.3939187779,307246.0,6247108247.791597,-0.00894874329285511,-0.00898902378268833,0.02195288841165368,116264.57142857143,0.9658832318406703,0.011845128613565558,-0.05053477066159373,117042.28571428571,0.9594651993906882,0.012450463143678255,-0.04850749430195811,115149.33333333333,0.9752379518769745,0.02195288841165368,0.06442592961204152,111237.66,1.0095322033922594,0.02077743372893675,0.035873405344574616,106826.53734375,1.0512181972035908,0.020174671024173176,0.28312846688483373,98859.5957421875,1.1359342424670327,0.024548637564315596,0.1875017968488475,116045.11423879508,115125.253818959,115789.09041570159,112257.83176881625,99926.35602086945,919.8604198360845,1914.9843073368847,-995.1238875008003,0.48034880302221816,117483.6,1936.0479387250884,121355.69587745018,113611.50412254983,0.06591721529558414,-0.16961151842844047,111237.66,6037.496432111047,123312.6528642221,99162.66713577791,0.21710260471538115,0.5439064441661582,9.36777702242479,31.59992286427702,40.22727272724408,-0.894874329285511,-3.988440788967451,-4.657678462269921,-5.053477066159373,-4.850749430195811,6.442592961204152,-1.0,0.0,2211823216040.0,0.0,113312.0,-0.03122328237748362,116964.0,8.54971230213053e-06,116963.0,-0.005145958083832336,117568.0,-0.001833865380696853,117784.0,-0.009910644486100684,118963.0,0.005816952018600663,118275.0,0.012984009797959883,0.999999999999991,0.999999999999991,0.0,0.0,0.0,1.802792922743622,6.386419041527487,5,8,-0.9749279121818236,-0.2225209339563146,-0.8660254037844385,-0.5000000000000004,0.017747422037792226,0.0381574026251581,0.06583376373577443
2025-08-03,114291.0,114291.0,114291.0,114291.0,116583.0,0.0,621756.0,331869.34319834365,289554.0,6176498943.554062,0.017747422037792226,0.01759177539631076,0.021056330351827954,115597.14285714286,0.9887009070911207,0.014590491116104354,-0.03927271504585461,116740.42857142857,0.9790181636181775,0.013569452250354237,-0.035657331859564434,115305.4,0.9912024935518979,0.021056330351827954,0.04271547044494528,111385.46,1.0260854513685984,0.02079885285096116,0.06912938139025826,107035.0284375,1.067790625820554,0.01914159476346143,0.2231237963567263,98958.6085546875,1.1549374194852204,0.02457621273985785,0.20957656856162954,115775.25050974968,115063.45723977685,115489.47233256127,112337.56385631366,100069.28780175632,711.7932699728262,1674.346099864073,-962.5528298912468,0.4251171666540066,117188.9,1951.726924921296,121092.35384984259,113285.4461501574,0.06661814983914968,0.12880309189296835,111385.46,6019.595244410466,123424.65048882095,99346.26951117907,0.21617167067983253,0.6206700734030801,23.025404157025264,37.611397748562005,44.71849173550687,1.7747422037792226,-2.2853185595567815,-2.7873230811105043,-3.927271504585461,-3.5657331859564434,4.271547044494528,-1.0,0.0,2211823216040.0,0.0,112298.0,-0.00894874329285511,113312.0,-0.03122328237748362,116964.0,8.54971230213053e-06,116963.0,-0.005145958083832336,117568.0,-0.001833865380696853,117784.0,-0.009910644486100684,118963.0,0.005816952018600663,0.9999999999999912,0.9999999999999912,0.0,0.0,0.0,1.9709815470722871,8.070545971438692,6,8,-0.7818314824680299,0.6234898018587334,-0.8660254037844385,-0.5000000000000004,0.008924587237840287,0.023868896063557132,0.07416157002738633
2025-08-04,115311.0,115311.0,115311.0,115311.0,116583.0,0.0,728238.0,387202.0025561335,451189.0,13654141156.270823,0.008924587237840287,0.008884998477042884,0.021098740228313775,115243.85714285714,1.0005826154973156,0.015381639276020787,-0.020996060585478538,116630.0,0.9886907313727086,0.01345774197999804,-0.01322984502426039,115488.3,0.9984647795490885,0.021098740228313775,0.04996175699300709,111588.66,1.033357690647051,0.020661349679389353,0.09662295175509494,107251.14734375,1.0751493373811316,0.0191533581830706,0.23065203894847586,99062.5809375,1.1640217618875708,0.02458210242736655,0.22000890221327873,115703.82735440356,115081.7937405341,115453.77786604901,112454.16919528175,100220.94662959955,622.0336138694547,1463.8836026651495,-841.8499887956948,0.4249201321311026,117132.45,1990.4700178837968,121113.39003576759,113151.5099642324,0.06797330775148232,0.2712286565942882,111588.66,5976.173233323503,123541.00646664701,99636.313533353,0.21422152513789308,0.6557158676075246,35.454652393806825,45.29117933719334,41.703547354773754,0.8924587237840287,1.7641556057610863,-1.4124124723203013,-2.0996060585478538,-1.322984502426039,4.996175699300709,-1.0,0.0,2211823216040.0,0.0,114291.0,0.017747422037792226,112298.0,-0.00894874329285511,113312.0,-0.03122328237748362,116964.0,8.54971230213053e-06,116963.0,-0.005145958083832336,117568.0,-0.001833865380696853,117784.0,-0.009910644486100684,0.9999999999999913,0.9999999999999913,0.0,0.0,0.0,1.9253019365476773,7.881551345423867,0,8,0.0,1.0,-0.8660254037844385,-0.5000000000000004,0.011031037802117671,0.029225312415988025,0.025045312242544027
2025-08-08,116658.0,116658.0,116658.0,116583.0,116583.0,0.0,960615.0,686118.2356289279,474837.0,13497802962.31109,0.011031037802117671,0.010970639668102506,0.02070590445543467,115103.14285714286,1.0128567917966655,0.01627622020389087,-0.00837813010342947,116610.42857142857,0.99976478457574,0.013830127189038182,-0.002344746142721399,115790.86666666667,1.0068410692150072,0.02070590445543467,0.08443249679087672,111823.94,1.0425585075968433,0.020685763872647304,0.1122315610719431,107477.539375,1.084719660293199,0.019173429286170114,0.24098667371432025,99162.825703125,1.1756724273774386,0.02455062096249018,0.20768789638500285,115839.08468449532,115192.99420419826,115679.62229283922,112616.08412880011,100383.75313079757,646.0904802970617,1300.324978191532,-654.2344978944702,0.4968684683694499,117025.7,1957.9455156092395,120941.59103121847,113109.80896878152,0.06692360791208155,0.4434739122627361,111823.94,5935.649786171686,123695.23957234337,99952.64042765663,0.21232125379133063,0.7004439350130842,44.84670921834112,49.22546359109627,50.2657893758204,1.1031037802117671,3.81574026251581,-0.3257412537190918,-0.8378130103429471,-0.2344746142721399,8.443249679087671,-1.0,0.0,2211823216040.0,0.0,115311.0,0.008924587237840287,114291.0,0.017747422037792226,112298.0,-0.00894874329285511,113312.0,-0.03122328237748362,116964.0,8.54971230213053e-06,116963.0,-0.005145958083832336,117568.0,-0.001833865380696853,0.9999999999999913,0.9993570950984845,0.0,0.0,0.0,1.9240205438140199,8.218260924459281,4,8,-0.433883739117558,-0.9009688679024191,-0.8660254037844385,-0.5000000000000004,0.0037398248458180294,0.022610500673339917,0.004185859001741177
