id,model,symbol,prediction_date,target_date,horizon,current_price,predicted_price,actual_price,confidence,suggested_action,error_pct,direction_correct,expected_return,actual_return,return_error,horizon_days
1,Long Bull Model,QQQ,2025-05-22,2025-05-25,3.0,513.04,514.02,509.24,0.19,HOLD,-0.9317012318727532,0.0,,,,
2,Long Bull Model,QQQ,2025-05-22,2025-05-23,1.0,513.04,513.37,514.0,0.06,HOLD,0.12279744269452586,1.0,,,,
3,Algorand Model,ALGO-USD,2025-05-22,2025-05-25,3.0,0.1985,0.2078,0.223527,20.13,SELL,7.922921914357678,1.0,,,,
4,Algorand Model,ALGO-USD,2025-05-22,2025-05-29,7.0,0.1985,0.2078,0.21131,20.13,SELL,1.768261964735509,1.0,,,,
5,Algorand Model,ALGO-USD,2025-05-22,2025-06-21,30.0,0.1985,0.2078,0.162291,20.13,SELL,-22.926448362720414,0.0,,,,
6,Bitcoin Model,BTC-USD,2025-05-22,2025-05-23,1.0,106665.0,107024.37,108982.0,0.34,HOLD,1.8353068016687804,1.0,,,,
7,Bitcoin Model,BTC-USD,2025-05-22,2025-05-25,3.0,106665.0,104796.2,109656.0,1.75,HOLD,4.556133689588902,0.0,,,,
8,Bitcoin Model,BTC-USD,2025-05-22,2025-05-29,7.0,106665.0,108484.14,105872.0,1.71,HOLD,-2.4489195143674114,0.0,,,,
9,Wishing Well QQQ Model,QQQ,2025-05-22,2025-05-25,3.0,513.04,514.0660799999999,509.24,50.0,HOLD,-0.9406829876812595,0.0,,,,
10,Long Bull Model,QQQ,2025-05-23,2025-05-26,3.0,513.04,514.02,509.24,0.19,HOLD,-0.9317012318727532,0.0,,,,
11,Long Bull Model,QQQ,2025-05-23,2025-05-24,1.0,513.04,513.37,509.24,0.06,HOLD,-0.8050054576641189,0.0,,,,
12,Algorand Model,ALGO-USD,2025-05-23,2025-05-26,3.0,0.1985,0.2078,0.217897,20.13,SELL,5.0866498740554125,1.0,,,,
13,Algorand Model,ALGO-USD,2025-05-23,2025-05-30,7.0,0.1985,0.2078,0.200154,20.13,SELL,-3.85188916876575,1.0,,,,
14,Algorand Model,ALGO-USD,2025-05-23,2025-06-22,30.0,0.1985,0.2078,0.155688,20.13,SELL,-26.252896725440817,0.0,,,,
15,Bitcoin Model,BTC-USD,2025-05-23,2025-05-24,1.0,106665.0,107024.37,105348.0,0.34,HOLD,-1.5716214315848642,0.0,,,,
16,Bitcoin Model,BTC-USD,2025-05-23,2025-05-26,3.0,106665.0,104796.2,109390.0,1.75,HOLD,4.306754793043644,0.0,,,,
17,Bitcoin Model,BTC-USD,2025-05-23,2025-05-30,7.0,106665.0,108484.14,104671.0,1.71,HOLD,-3.5748746074157403,0.0,,,,
18,Wishing Well QQQ Model,QQQ,2025-05-23,2025-05-26,3.0,514.0,515.028,509.24,50.0,HOLD,-1.126070038910508,0.0,,,,
28,Long Bull Model,QQQ,2025-05-24,2025-05-27,3.0,509.24,510.1,509.24,0.17,HOLD,-0.1688791139737675,0.0,,,,
29,Long Bull Model,QQQ,2025-05-24,2025-05-25,1.0,509.24,509.53,509.24,0.06,HOLD,-0.05694760820044843,0.0,,,,
30,Algorand Model,ALGO-USD,2025-05-24,2025-05-27,3.0,0.1985,0.2078,0.223573,20.13,SELL,7.946095717884122,1.0,,,,
31,Algorand Model,ALGO-USD,2025-05-24,2025-05-31,7.0,0.1985,0.2078,0.196423,20.13,SELL,-5.7314861460957305,0.0,,,,
32,Algorand Model,ALGO-USD,2025-05-24,2025-06-23,30.0,0.1985,0.2078,0.169982,20.13,SELL,-19.05188916876575,0.0,,,,
33,Bitcoin Model,BTC-USD,2025-05-24,2025-05-25,1.0,108903.0,109269.91,109656.0,0.34,HOLD,0.35452650523860363,1.0,,,,
34,Bitcoin Model,BTC-USD,2025-05-24,2025-05-27,3.0,108903.0,106994.98,109835.0,1.75,HOLD,2.6078436774009934,0.0,,,,
35,Bitcoin Model,BTC-USD,2025-05-24,2025-05-31,7.0,108903.0,110760.3,104756.0,1.71,HOLD,-5.513438564594183,0.0,,,,
36,Wishing Well QQQ Model,QQQ,2025-05-24,2025-05-27,3.0,509.24,516.8786,509.24,65.0,BUY,-1.4999999999999993,0.0,,,,
52,Long Bull Model,QQQ,2025-05-26,2025-05-29,3.0,509.24,511.04,518.91,0.35,HOLD,1.545440263922698,1.0,,,,
53,Long Bull Model,QQQ,2025-05-26,2025-05-27,1.0,509.24,509.84,509.24,0.12,HOLD,-0.1178226376561083,0.0,,,,
54,QQQ Trading Signal,QQQ,2025-05-26,2025-05-29,3.0,509.24,507.46,518.91,38.8,HOLD,2.2484486686041922,0.0,,,,
55,Algorand Model,ALGO-USD,2025-05-26,2025-05-29,3.0,0.2167,0.22049225000000003,0.21131,1.75,BUY,-4.237309644670065,0.0,,,,
56,Algorand Model,ALGO-USD,2025-05-26,2025-06-02,7.0,0.2167,0.22049225000000003,0.191942,1.75,BUY,-13.175011536686675,0.0,,,,
57,Algorand Model,ALGO-USD,2025-05-26,2025-06-25,30.0,0.2167,0.22049225000000003,0.17815,1.75,BUY,-19.539570835256125,0.0,,,,
58,Bitcoin Model,BTC-USD,2025-05-26,2025-05-27,1.0,109000.0,109290.44,109835.0,0.27,HOLD,0.4995963302752272,1.0,,,,
59,Bitcoin Model,BTC-USD,2025-05-26,2025-05-29,3.0,109000.0,107454.09,105872.0,1.42,HOLD,-1.451458715596327,1.0,,,,
60,Bitcoin Model,BTC-USD,2025-05-26,2025-06-02,7.0,109000.0,109977.24,104396.0,0.9,HOLD,-5.120403669724776,0.0,,,,
61,Wishing Well QQQ Model,QQQ,2025-05-26,2025-05-29,3.0,509.24,510.25848,518.91,50.0,HOLD,1.6989081768910432,1.0,,,,
67,Long Bull Model,QQQ,2025-05-27,2025-05-30,3.0,509.24,511.04,519.93,0.35,HOLD,1.7457387479380901,1.0,,,,
68,Long Bull Model,QQQ,2025-05-27,2025-05-28,1.0,509.24,509.84,521.22,0.12,HOLD,2.2347026942109913,1.0,,,,
69,QQQ Trading Signal,QQQ,2025-05-27,2025-05-30,3.0,509.24,507.46,519.93,38.9,HOLD,2.448747152619584,0.0,,,,
70,Algorand Model,ALGO-USD,2025-05-27,2025-05-30,3.0,0.2235,0.22048275,0.200154,1.35,SELL,-9.09563758389262,1.0,,,,
71,Algorand Model,ALGO-USD,2025-05-27,2025-06-03,7.0,0.2235,0.22048275,0.201552,1.35,SELL,-8.470134228187916,1.0,,,,
72,Algorand Model,ALGO-USD,2025-05-27,2025-06-26,30.0,0.2235,0.22048275,0.17248,1.35,SELL,-21.477740492170028,1.0,,,,
73,Bitcoin Model,BTC-USD,2025-05-27,2025-05-28,1.0,109835.0,110127.66,107377.0,0.27,HOLD,-2.5043565348022065,0.0,,,,
74,Bitcoin Model,BTC-USD,2025-05-27,2025-05-30,3.0,109835.0,108277.24,104671.0,1.42,HOLD,-3.2833249874812265,1.0,,,,
75,Bitcoin Model,BTC-USD,2025-05-27,2025-06-03,7.0,109835.0,110819.73,106266.0,0.9,HOLD,-4.145973505713112,0.0,,,,
76,Wishing Well QQQ Model,QQQ,2025-05-27,2025-05-30,3.0,509.24,510.25848,519.93,50.0,HOLD,1.8992066609064349,1.0,,,,
82,Long Bull Model,QQQ,2025-05-28,2025-05-31,3.0,509.24,511.04,519.11,0.35,HOLD,1.5847144764747454,1.0,,,,
83,Long Bull Model,QQQ,2025-05-28,2025-05-29,1.0,509.24,509.84,518.91,0.12,HOLD,1.781085539234937,1.0,,,,
84,QQQ Trading Signal,QQQ,2025-05-28,2025-05-31,3.0,521.22,524.61,519.11,30.6,HOLD,-1.0552166071908216,0.0,,,,
85,Algorand Model,ALGO-USD,2025-05-28,2025-05-31,3.0,0.2143,0.22447925000000002,0.196423,4.75,BUY,-13.092043863742434,0.0,,,,
86,Algorand Model,ALGO-USD,2025-05-28,2025-06-04,7.0,0.2143,0.22447925000000002,0.192505,4.75,BUY,-14.920321978534771,0.0,,,,
87,Algorand Model,ALGO-USD,2025-05-28,2025-06-27,30.0,0.2143,0.22447925000000002,0.17201,4.75,BUY,-24.4840177321512,0.0,,,,
88,Bitcoin Model,BTC-USD,2025-05-28,2025-05-29,1.0,107434.0,107695.79,105872.0,0.24,HOLD,-1.6975910791741846,0.0,,,,
89,Bitcoin Model,BTC-USD,2025-05-28,2025-05-31,3.0,107434.0,106751.0,104756.0,0.64,HOLD,-1.8569540368970718,1.0,,,,
90,Bitcoin Model,BTC-USD,2025-05-28,2025-06-04,7.0,107434.0,109489.87,105047.0,1.91,HOLD,-4.135441294189917,0.0,,,,
91,Wishing Well QQQ Model,QQQ,2025-05-28,2025-05-31,3.0,521.22,522.2624400000001,519.11,50.0,HOLD,-0.6048194620314012,0.0,,,,
97,Long Bull Model,QQQ,2025-05-29,2025-06-01,3.0,509.24,511.04,519.11,0.35,HOLD,1.5847144764747454,1.0,,,,
98,Long Bull Model,QQQ,2025-05-29,2025-05-30,1.0,509.24,509.84,519.93,0.12,HOLD,1.981384023250329,1.0,,,,
99,QQQ Trading Signal,QQQ,2025-05-29,2025-06-01,3.0,518.91,522.28,519.11,30.4,HOLD,-0.6108959164402226,1.0,,,,
100,Algorand Model,ALGO-USD,2025-05-29,2025-06-01,3.0,0.2113,0.21818838,0.194367,3.26,BUY,-11.27372456223378,0.0,,,,
101,Algorand Model,ALGO-USD,2025-05-29,2025-06-05,7.0,0.2113,0.21818838,0.18396,3.26,BUY,-16.198949361097952,0.0,,,,
102,Algorand Model,ALGO-USD,2025-05-29,2025-06-28,30.0,0.2113,0.21818838,0.17628,3.26,BUY,-19.833592049219117,0.0,,,,
103,Bitcoin Model,BTC-USD,2025-05-29,2025-05-30,1.0,105869.0,106434.17,104671.0,0.53,HOLD,-1.6654261398520795,0.0,,,,
104,Bitcoin Model,BTC-USD,2025-05-29,2025-06-01,3.0,105869.0,104983.37,104752.0,0.84,HOLD,-0.21854367189639584,1.0,,,,
105,Bitcoin Model,BTC-USD,2025-05-29,2025-06-05,7.0,105869.0,106904.34,102274.0,0.98,HOLD,-4.373650454807352,0.0,,,,
106,Wishing Well QQQ Model,QQQ,2025-05-29,2025-06-01,3.0,518.91,519.94782,519.11,50.0,HOLD,-0.161457670887045,1.0,,,,
107,Long Bull Model,QQQ,2025-05-30,2025-06-02,3.0,509.24,511.04,519.11,0.35,HOLD,1.5847144764747454,1.0,,,,
108,Long Bull Model,QQQ,2025-05-30,2025-05-31,1.0,509.24,509.84,519.11,0.12,HOLD,1.8203597517869843,1.0,,,,
109,QQQ Trading Signal,QQQ,2025-05-30,2025-06-02,3.0,519.93,523.31,519.11,30.5,HOLD,-0.8078010501413522,0.0,,,,
110,Algorand Model,ALGO-USD,2025-05-30,2025-06-02,3.0,0.2002,0.21903882,0.191942,9.41,BUY,-13.534875124875123,0.0,,,,
111,Algorand Model,ALGO-USD,2025-05-30,2025-06-06,7.0,0.2002,0.21903882,0.187795,9.41,BUY,-15.6063036963037,0.0,,,,
112,Algorand Model,ALGO-USD,2025-05-30,2025-06-29,30.0,0.2002,0.21903882,0.180675,9.41,BUY,-19.162747252747252,0.0,,,,
113,Bitcoin Model,BTC-USD,2025-05-30,2025-05-31,1.0,104686.0,105182.56,104756.0,0.47,HOLD,-0.40746613682822697,1.0,,,,
114,Bitcoin Model,BTC-USD,2025-05-30,2025-06-02,3.0,104686.0,104006.98,104396.0,0.65,HOLD,0.37160651854116505,1.0,,,,
115,Bitcoin Model,BTC-USD,2025-05-30,2025-06-06,7.0,104686.0,103928.11,104244.0,0.72,HOLD,0.3017499952238116,1.0,,,,
116,Wishing Well QQQ Model,QQQ,2025-05-30,2025-06-02,3.0,519.93,520.9698599999999,519.11,50.0,HOLD,-0.3577135383609164,0.0,,,,
153,Long Bull Model,QQQ,2025-05-31,2025-06-03,3.0,519.11,515.8,523.21,0.64,HOLD,1.4274431238080718,0.0,,,,
154,Long Bull Model,QQQ,2025-05-31,2025-06-01,1.0,519.11,518.01,519.11,0.21,HOLD,0.21190113848703024,0.0,,,,
155,QQQ Trading Signal,QQQ,2025-05-31,2025-06-03,3.0,519.11,522.48,523.21,33.0,HOLD,0.14062530099593884,1.0,,,,
156,Algorand Model,ALGO-USD,2025-05-31,2025-06-03,3.0,0.196,0.2012136,0.201552,2.66,BUY,0.1726530612244982,1.0,,,,
157,Algorand Model,ALGO-USD,2025-05-31,2025-06-07,7.0,0.196,0.2012136,0.191875,2.66,BUY,-4.764591836734695,0.0,,,,
158,Algorand Model,ALGO-USD,2025-05-31,2025-06-30,30.0,0.196,0.2012136,0.184476,2.66,BUY,-8.539591836734688,0.0,,,,
159,Bitcoin Model,BTC-USD,2025-05-31,2025-06-01,1.0,104796.0,104761.12,104752.0,0.03,HOLD,-0.008702622237485538,1.0,,,,
160,Bitcoin Model,BTC-USD,2025-05-31,2025-06-03,3.0,104796.0,103869.38,106266.0,0.88,HOLD,2.2869384327646047,0.0,,,,
161,Bitcoin Model,BTC-USD,2025-05-31,2025-06-07,7.0,104796.0,105919.29,105741.0,1.07,HOLD,-0.17013053933355624,1.0,,,,
162,Wishing Well QQQ Model,QQQ,2025-05-31,2025-06-03,3.0,519.11,520.14822,523.21,50.0,HOLD,0.5898133343607326,1.0,,,,
195,Long Bull Model,QQQ,2025-06-01,2025-06-04,3.0,519.11,518.89,527.3,0.04,HOLD,1.620080522432619,0.0,,,,
196,Long Bull Model,QQQ,2025-06-01,2025-06-02,1.0,519.11,519.04,519.11,0.01,HOLD,0.013484617903729464,0.0,,,,
197,QQQ Trading Signal,QQQ,2025-06-01,2025-06-04,3.0,519.11,522.48,527.3,32.9,HOLD,0.9285122613704101,1.0,,,,
198,Algorand Model,ALGO-USD,2025-06-01,2025-06-04,3.0,0.1954,0.19909305999999996,0.192505,1.89,BUY,-3.371576253838256,0.0,,,,
199,Algorand Model,ALGO-USD,2025-06-01,2025-06-08,7.0,0.1954,0.19909305999999996,0.191612,1.89,BUY,-3.828587512794246,0.0,,,,
200,Algorand Model,ALGO-USD,2025-06-01,2025-07-01,30.0,0.1954,0.19909305999999996,0.170937,1.89,BUY,-14.409447287615126,0.0,,,,
201,Bitcoin Model,BTC-USD,2025-06-01,2025-06-02,1.0,105580.0,105736.42,104396.0,0.15,HOLD,-1.269577571509754,0.0,,,,
202,Bitcoin Model,BTC-USD,2025-06-01,2025-06-04,3.0,105580.0,104725.59,105047.0,0.81,HOLD,0.3044231862095127,1.0,,,,
203,Bitcoin Model,BTC-USD,2025-06-01,2025-06-08,7.0,105580.0,105604.45,105869.0,0.02,HOLD,0.25056828944876197,1.0,,,,
204,NVIDIA Bull Momentum Model,NVDA,2025-06-01,2025-06-06,5.0,135.13,120.44,141.72,10.87,SELL,15.747798416339823,0.0,,,,
205,Wishing Well QQQ Model,QQQ,2025-06-01,2025-06-04,3.0,519.11,520.14822,527.3,50.0,HOLD,1.377700294735204,1.0,,,,
211,Long Bull Model,QQQ,2025-06-02,2025-06-05,3.0,519.11,518.89,528.77,0.04,HOLD,1.9032574984107407,0.0,,,,
212,Long Bull Model,QQQ,2025-06-02,2025-06-03,1.0,519.11,519.04,523.21,0.01,HOLD,0.8032979522644667,0.0,,,,
213,QQQ Trading Signal,QQQ,2025-06-02,2025-06-05,3.0,519.11,517.79,528.77,34.5,HOLD,2.115158636897771,0.0,,,,
214,Algorand Model,ALGO-USD,2025-06-02,2025-06-05,3.0,0.1929,0.20032665,0.18396,3.85,BUY,-8.484525660964222,0.0,,,,
215,Algorand Model,ALGO-USD,2025-06-02,2025-06-09,7.0,0.1929,0.20032665,0.193791,3.85,BUY,-3.3881026438569233,1.0,,,,
216,Algorand Model,ALGO-USD,2025-06-02,2025-07-02,30.0,0.1929,0.20032665,0.18296,3.85,BUY,-9.002928978745455,0.0,,,,
217,Bitcoin Model,BTC-USD,2025-06-02,2025-06-03,1.0,104305.0,104459.53,106266.0,0.15,HOLD,1.7319112218973216,1.0,,,,
218,Bitcoin Model,BTC-USD,2025-06-02,2025-06-05,3.0,104305.0,103460.91,102274.0,0.81,HOLD,-1.13792243900101,1.0,,,,
219,Bitcoin Model,BTC-USD,2025-06-02,2025-06-09,7.0,104305.0,104329.16,108522.0,0.02,HOLD,4.019788121374811,1.0,,,,
220,NVIDIA Bull Momentum Model,NVDA,2025-06-02,2025-06-07,5.0,135.13,120.44,141.72,10.87,SELL,15.747798416339823,0.0,,,,
221,Wishing Well QQQ Model,QQQ,2025-06-02,2025-06-05,3.0,519.11,520.14822,528.77,50.0,HOLD,1.6608772707133255,1.0,,,,
227,Long Bull Model,QQQ,2025-06-03,2025-06-06,3.0,523.21,524.78,524.79,0.3,HOLD,0.001911278454156248,1.0,,,,
228,Long Bull Model,QQQ,2025-06-03,2025-06-04,1.0,523.21,523.73,527.3,0.1,HOLD,0.6823264081343889,1.0,,,,
229,QQQ Trading Signal,QQQ,2025-06-03,2025-06-06,3.0,519.11,519.11,524.79,70.0,HOLD,1.0941804241875421,0.0,,,,
230,Algorand Model,ALGO-USD,2025-06-03,2025-06-06,3.0,0.2018,0.19891426,0.187795,1.43,SELL,-5.51003964321111,1.0,,,,
231,Algorand Model,ALGO-USD,2025-06-03,2025-06-10,7.0,0.2018,0.19891426,0.199238,1.43,SELL,0.16042616451932062,1.0,,,,
232,Algorand Model,ALGO-USD,2025-06-03,2025-07-03,30.0,0.2018,0.19891426,0.183755,1.43,SELL,-7.512021803766109,1.0,,,,
233,Bitcoin Model,BTC-USD,2025-06-03,2025-06-04,1.0,106343.0,106484.3,105047.0,0.13,HOLD,-1.3515699199759297,0.0,,,,
234,Bitcoin Model,BTC-USD,2025-06-03,2025-06-06,3.0,106343.0,105017.52,104244.0,1.25,HOLD,-0.7273821502120535,1.0,,,,
235,Bitcoin Model,BTC-USD,2025-06-03,2025-06-10,7.0,106343.0,107455.03,110196.0,1.05,HOLD,2.577480417140763,1.0,,,,
236,NVIDIA Bull Momentum Model,NVDA,2025-06-03,2025-06-08,5.0,137.38,146.23,141.72,6.44,BUY,-3.2828650458581974,1.0,,,,
237,Wishing Well QQQ Model,QQQ,2025-06-03,2025-06-06,3.0,523.21,524.25642,524.79,50.0,HOLD,0.10198199575694564,1.0,,,,
238,Long Bull Model,QQQ,2025-06-04,2025-06-07,3.0,527.3,531.63,529.92,0.8199999999999998,HOLD,-0.3242935710221954,1.0,,,,
239,Long Bull Model,QQQ,2025-06-04,2025-06-05,1.0,527.3,528.74,528.77,0.27,HOLD,0.00568936089512094,1.0,,,,
240,QQQ Trading Signal,QQQ,2025-06-04,2025-06-07,3.0,519.11,519.11,529.92,70.0,HOLD,2.0824102791315804,0.0,,,,
241,Algorand Model,ALGO-USD,2025-06-04,2025-06-07,3.0,0.1927,0.20243135,0.191875,5.05,BUY,-5.478126621691759,0.0,,,,
242,Algorand Model,ALGO-USD,2025-06-04,2025-06-11,7.0,0.1927,0.20243135,0.201862,5.05,BUY,-0.29545926310326737,1.0,,,,
243,Algorand Model,ALGO-USD,2025-06-04,2025-07-04,30.0,0.1927,0.20243135,0.172734,5.05,BUY,-15.411183186299954,0.0,,,,
244,Bitcoin Model,BTC-USD,2025-06-04,2025-06-05,1.0,105063.0,105344.52,102274.0,0.27,HOLD,-2.922551231166066,0.0,,,,
245,Bitcoin Model,BTC-USD,2025-06-04,2025-06-07,3.0,105063.0,105428.23,105741.0,0.35,HOLD,0.29769757193303453,1.0,,,,
246,Bitcoin Model,BTC-USD,2025-06-04,2025-06-11,7.0,105063.0,106533.41,108700.0,1.4,HOLD,2.062181738575899,1.0,,,,
247,NVIDIA Bull Momentum Model,NVDA,2025-06-04,2025-06-09,5.0,141.22,157.61,118.85,11.6,BUY,-27.4465373176604,0.0,,,,
248,Wishing Well QQQ Model,QQQ,2025-06-04,2025-06-07,3.0,527.3,528.3546,529.92,50.0,HOLD,0.29687085150767195,1.0,,,,
249,Long Bull Model,QQQ,2025-06-05,2025-06-08,3.0,528.77,535.16,529.92,1.21,BUY,-0.9909790646216708,1.0,,,,
250,Long Bull Model,QQQ,2025-06-05,2025-06-06,1.0,528.77,530.9,524.79,0.4,HOLD,-1.1555118482516054,0.0,,,,
251,QQQ Trading Signal,QQQ,2025-06-05,2025-06-08,3.0,519.11,519.11,529.92,70.0,HOLD,2.0824102791315804,0.0,,,,
252,Algorand Model,ALGO-USD,2025-06-05,2025-06-08,3.0,0.1845,0.1998873,0.191612,8.34,BUY,-4.485257452574517,1.0,,,,
253,Algorand Model,ALGO-USD,2025-06-05,2025-06-12,7.0,0.1845,0.1998873,0.181535,8.34,BUY,-9.947046070460699,0.0,,,,
254,Algorand Model,ALGO-USD,2025-06-05,2025-07-05,30.0,0.1845,0.1998873,0.174357,8.34,BUY,-13.837560975609744,0.0,,,,
255,Bitcoin Model,BTC-USD,2025-06-05,2025-06-06,1.0,102393.0,102420.05,104244.0,0.03,HOLD,1.7813229419979852,1.0,,,,
256,Bitcoin Model,BTC-USD,2025-06-05,2025-06-08,3.0,102393.0,102728.43,105869.0,0.33,HOLD,3.067172560624268,1.0,,,,
257,Bitcoin Model,BTC-USD,2025-06-05,2025-06-12,7.0,102393.0,103826.05,106901.0,1.4,HOLD,3.0030861484671774,1.0,,,,
258,NVIDIA Bull Momentum Model,NVDA,2025-06-05,2025-06-10,5.0,141.92,146.5,118.85,3.23,BUY,-19.48280721533259,0.0,,,,
259,Wishing Well QQQ Model,QQQ,2025-06-05,2025-06-08,3.0,528.77,529.82754,529.92,50.0,HOLD,0.017485863418870214,1.0,,,,
264,Long Bull Model,QQQ,2025-06-06,2025-06-09,3.0,524.79,529.3,529.92,0.86,HOLD,0.11814249509327628,1.0,,,,
265,Long Bull Model,QQQ,2025-06-06,2025-06-07,1.0,524.79,526.29,529.92,0.29,HOLD,0.6917052535299826,1.0,,,,
266,QQQ Trading Signal,QQQ,2025-06-06,2025-06-09,3.0,519.11,519.11,529.92,70.0,HOLD,2.0824102791315804,0.0,,,,
267,Algorand Model,ALGO-USD,2025-06-06,2025-06-09,3.0,0.1878,0.19251377999999997,0.193791,2.51,BUY,0.6800958466453798,1.0,,,,
268,Algorand Model,ALGO-USD,2025-06-06,2025-06-13,7.0,0.1878,0.19251377999999997,0.177641,2.51,BUY,-7.919478168264098,0.0,,,,
269,Algorand Model,ALGO-USD,2025-06-06,2025-07-06,30.0,0.1878,0.19251377999999997,0.1765,2.51,BUY,-8.527039403620861,0.0,,,,
270,Bitcoin Model,BTC-USD,2025-06-06,2025-06-07,1.0,104319.0,104431.05,105741.0,0.11,HOLD,1.2557156414459467,1.0,,,,
271,Bitcoin Model,BTC-USD,2025-06-06,2025-06-09,3.0,104319.0,104934.87,108522.0,0.59,HOLD,3.438616167716336,1.0,,,,
272,Bitcoin Model,BTC-USD,2025-06-06,2025-06-13,7.0,104319.0,104619.16,105151.0,0.29,HOLD,0.5098208380064959,1.0,,,,
273,NVIDIA Bull Momentum Model,NVDA,2025-06-06,2025-06-11,5.0,139.99,132.46,118.85,5.38,SELL,-9.722123008786351,1.0,,,,
274,Wishing Well QQQ Model,QQQ,2025-06-06,2025-06-09,3.0,524.79,525.83958,529.92,50.0,HOLD,0.7775338706911343,1.0,,,,
279,NVIDIA Bull Momentum Model,NVDA,2025-06-07,2025-06-10,3.0,139.99,132.46,118.85,,,-9.722123008786351,1.0,-5.38,,,
280,Long Bull Model,QQQ,2025-06-07,2025-06-10,3.0,529.92,536.08,530.7,1.16,BUY,-1.015247584541062,1.0,,,,
281,Long Bull Model,QQQ,2025-06-07,2025-06-08,1.0,529.92,531.97,529.92,0.39,HOLD,-0.3868508454106409,0.0,,,,
282,QQQ Trading Signal,QQQ,2025-06-07,2025-06-10,3.0,529.92,532.43,530.7,87.3,BUY,-0.32646437198065836,1.0,,,,
283,Algorand Model,ALGO-USD,2025-06-07,2025-06-10,3.0,0.1921,0.18981400999999998,0.199238,1.19,SELL,4.905773034877679,0.0,,,,
284,Algorand Model,ALGO-USD,2025-06-07,2025-06-14,7.0,0.1921,0.18981400999999998,0.175602,1.19,SELL,-7.398235294117632,1.0,,,,
285,Algorand Model,ALGO-USD,2025-06-07,2025-07-07,30.0,0.1921,0.18981400999999998,0.174863,1.19,SELL,-7.782930765226438,1.0,,,,
286,Bitcoin Model,BTC-USD,2025-06-07,2025-06-08,1.0,105771.0,105813.34,105869.0,0.04,BUY,0.05262311975872734,1.0,,,,
287,Bitcoin Model,BTC-USD,2025-06-07,2025-06-10,3.0,105771.0,106566.1,110196.0,0.75,BUY,3.431848049087173,1.0,,,,
288,Bitcoin Model,BTC-USD,2025-06-07,2025-06-14,7.0,105771.0,108552.16,104819.0,2.63,BUY,-3.5294740524340353,0.0,,,,
289,NVIDIA Bull Momentum Model,NVDA,2025-06-07,2025-06-12,5.0,141.72,149.29,142.83,5.34,BUY,-4.5582839401636885,1.0,,,,
290,Wishing Well QQQ Model,QQQ,2025-06-07,2025-06-10,3.0,529.92,530.97984,530.7,50.0,HOLD,-0.05280797101447802,1.0,,,,
311,NVIDIA Bull Momentum Model,NVDA,2025-06-08,2025-06-11,3.0,141.72,149.29,118.85,,,-21.47897262207169,0.0,5.34,,,
312,Long Bull Model,QQQ,2025-06-08,2025-06-11,3.0,529.92,532.22,534.21,0.43,HOLD,0.37552838164251384,1.0,,,,
313,Long Bull Model,QQQ,2025-06-08,2025-06-09,1.0,529.92,530.69,529.92,0.14,HOLD,-0.1453049516908393,0.0,,,,
314,QQQ Trading Signal,QQQ,2025-06-08,2025-06-11,3.0,529.92,532.43,534.21,87.3,BUY,0.3358997584541226,1.0,,,,
315,Algorand Model,ALGO-USD,2025-06-08,2025-06-11,3.0,0.1924,0.19524751999999998,0.201862,1.48,BUY,3.4378794178794356,1.0,,,,
316,Algorand Model,ALGO-USD,2025-06-08,2025-06-15,7.0,0.1924,0.19524751999999998,0.173882,1.48,BUY,-11.104740124740111,0.0,,,,
317,Algorand Model,ALGO-USD,2025-06-08,2025-07-08,30.0,0.1924,0.19524751999999998,0.178964,1.48,BUY,-8.463367983367966,0.0,,,,
318,Bitcoin Model,BTC-USD,2025-06-08,2025-06-09,1.0,106305.0,106074.71,108522.0,0.22,HOLD,2.302140068670329,0.0,,,,
319,Bitcoin Model,BTC-USD,2025-06-08,2025-06-11,3.0,106305.0,105014.07,108700.0,1.21,HOLD,3.467315742439201,0.0,,,,
320,Bitcoin Model,BTC-USD,2025-06-08,2025-06-15,7.0,106305.0,106285.5,105257.0,0.02,HOLD,-0.9674991768966653,1.0,,,,
321,NVIDIA Bull Momentum Model,NVDA,2025-06-08,2025-06-13,5.0,141.72,149.29,142.83,5.34,BUY,-4.5582839401636885,1.0,,,,
322,Wishing Well QQQ Model,QQQ,2025-06-08,2025-06-11,3.0,529.92,530.97984,534.21,50.0,HOLD,0.609556159420303,1.0,,,,
327,NVIDIA Bull Momentum Model,NVDA,2025-06-09,2025-06-12,3.0,141.72,149.29,142.83,,,-4.5582839401636885,1.0,5.34,,,
350,Long Bull Model,QQQ,2025-06-09,2025-06-12,3.0,529.92,532.22,532.41,0.43,HOLD,0.035854468599022665,1.0,,,,
351,Long Bull Model,QQQ,2025-06-09,2025-06-10,1.0,529.92,530.69,530.7,0.14,HOLD,0.0018870772946842742,1.0,,,,
352,QQQ Trading Signal,QQQ,2025-06-09,2025-06-12,3.0,529.92,532.43,532.41,87.3,BUY,-0.0037741545893685484,1.0,,,,
353,Algorand Model,ALGO-USD,2025-06-09,2025-06-12,3.0,0.1941,0.19582748999999997,0.181535,0.89,HOLD,-7.36346728490467,0.0,,,,
354,Algorand Model,ALGO-USD,2025-06-09,2025-06-16,7.0,0.1941,0.19582748999999997,0.185292,0.89,HOLD,-5.427867078825323,0.0,,,,
355,Algorand Model,ALGO-USD,2025-06-09,2025-07-09,30.0,0.1941,0.19582748999999997,0.178964,0.89,HOLD,-8.688042246264787,0.0,,,,
356,Bitcoin Model,BTC-USD,2025-06-09,2025-06-10,1.0,108486.0,108250.98,110196.0,0.22,HOLD,1.792876500193577,0.0,,,,
357,Bitcoin Model,BTC-USD,2025-06-09,2025-06-12,3.0,108486.0,107168.59,106901.0,1.21,HOLD,-0.24665855502092113,1.0,,,,
358,Bitcoin Model,BTC-USD,2025-06-09,2025-06-16,7.0,108486.0,108466.1,108551.0,0.02,HOLD,0.0782589458547593,0.0,,,,
359,NVIDIA Bull Momentum Model,NVDA,2025-06-09,2025-06-14,5.0,141.72,149.29,142.83,5.34,BUY,-4.5582839401636885,1.0,,,,
360,Wishing Well QQQ Model,QQQ,2025-06-09,2025-06-12,3.0,529.92,530.97984,532.41,50.0,HOLD,0.2698822463768118,1.0,,,,
365,NVIDIA Bull Momentum Model,NVDA,2025-06-11,2025-06-14,3.0,143.96,149.61,142.83,,,-4.709641567101974,0.0,3.93,,,
377,Long Bull Model,QQQ,2025-06-11,2025-06-14,3.0,534.21,537.36,526.96,0.59,HOLD,-1.946799947586151,0.0,,,,
378,Long Bull Model,QQQ,2025-06-11,2025-06-12,1.0,534.21,535.26,532.41,0.2,HOLD,-0.5334980625596717,0.0,,,,
379,QQQ Trading Signal,QQQ,2025-06-11,2025-06-14,3.0,529.92,532.43,526.96,87.3,BUY,-1.0322312801932205,0.0,,,,
380,Algorand Model,ALGO-USD,2025-06-11,2025-06-14,3.0,0.202,0.2090296,0.175602,3.48,BUY,-16.54831683168317,0.0,,,,
381,Algorand Model,ALGO-USD,2025-06-11,2025-06-18,7.0,0.202,0.2090296,0.16726,3.48,BUY,-20.678019801980206,0.0,,,,
382,Algorand Model,ALGO-USD,2025-06-11,2025-07-11,30.0,0.202,0.2090296,0.228672,3.48,BUY,9.723960396039592,1.0,,,,
383,Bitcoin Model,BTC-USD,2025-06-11,2025-06-12,1.0,108687.0,108696.54,106901.0,0.01,HOLD,-1.6520283014527897,0.0,,,,
384,Bitcoin Model,BTC-USD,2025-06-11,2025-06-14,3.0,108687.0,108041.46,104819.0,0.59,HOLD,-2.964899205976802,1.0,,,,
385,Bitcoin Model,BTC-USD,2025-06-11,2025-06-18,7.0,108687.0,109345.09,104035.0,0.61,HOLD,-4.885671699467274,0.0,,,,
386,NVIDIA Bull Momentum Model,NVDA,2025-06-11,2025-06-16,5.0,143.96,149.61,144.69,3.93,BUY,-3.288550230599569,0.0,,,,
387,Wishing Well QQQ Model,QQQ,2025-06-11,2025-06-14,3.0,534.21,542.22315,526.96,65.0,BUY,-2.8571441942307323,0.0,,,,
392,NVIDIA Bull Momentum Model,NVDA,2025-06-12,2025-06-15,3.0,142.83,138.33,145.0,,,4.8218029350104725,1.0,-3.15,,,
393,Long Bull Model,QQQ,2025-06-12,2025-06-15,3.0,532.41,534.44,526.96,0.38,HOLD,-1.4049322890253786,0.0,,,,
394,Long Bull Model,QQQ,2025-06-12,2025-06-13,1.0,532.41,533.09,533.66,0.13,HOLD,0.10706034822785754,1.0,,,,
395,QQQ Trading Signal,QQQ,2025-06-12,2025-06-15,3.0,529.92,532.43,526.96,87.3,BUY,-1.0322312801932205,0.0,,,,
396,Algorand Model,ALGO-USD,2025-06-12,2025-06-15,3.0,0.1844,0.19941016,0.173882,8.14,BUY,-13.843904555314529,0.0,,,,
397,Algorand Model,ALGO-USD,2025-06-12,2025-06-19,7.0,0.1844,0.19941016,0.169503,8.14,BUY,-16.21863340563992,0.0,,,,
398,Algorand Model,ALGO-USD,2025-06-12,2025-07-12,30.0,0.1844,0.19941016,0.219734,8.14,BUY,11.021605206073758,1.0,,,,
399,Bitcoin Model,BTC-USD,2025-06-12,2025-06-13,1.0,107680.0,107777.48,105151.0,0.09,HOLD,-2.4391530460624034,0.0,,,,
400,Bitcoin Model,BTC-USD,2025-06-12,2025-06-15,3.0,107680.0,107136.98,105257.0,0.5,HOLD,-1.745895245170873,1.0,,,,
401,Bitcoin Model,BTC-USD,2025-06-12,2025-06-19,7.0,107680.0,108329.95,104265.0,0.6,HOLD,-3.775027860326892,0.0,,,,
402,NVIDIA Bull Momentum Model,NVDA,2025-06-12,2025-06-17,5.0,142.83,138.33,144.12,3.15,SELL,4.1856430275428265,1.0,,,,
403,Wishing Well QQQ Model,QQQ,2025-06-12,2025-06-15,3.0,532.41,540.3961499999999,526.96,65.0,BUY,-2.523647189196274,0.0,,,,
408,NVIDIA Bull Momentum Model,NVDA,2025-06-13,2025-06-16,3.0,145.0,152.6,144.69,,,-5.183486238532108,0.0,5.24,,,
409,Long Bull Model,QQQ,2025-06-13,2025-06-16,3.0,533.66,535.46,526.96,0.34,HOLD,-1.5927744256642808,0.0,,,,
410,Long Bull Model,QQQ,2025-06-13,2025-06-14,1.0,533.66,534.26,526.96,0.11,HOLD,-1.3679121538057857,0.0,,,,
411,QQQ Trading Signal,QQQ,2025-06-13,2025-06-16,3.0,529.92,532.43,526.96,87.3,BUY,-1.0322312801932205,0.0,,,,
412,Algorand Model,ALGO-USD,2025-06-13,2025-06-16,3.0,0.1775,0.19157575,0.185292,7.93,BUY,-3.5401408450704093,1.0,,,,
413,Algorand Model,ALGO-USD,2025-06-13,2025-06-20,7.0,0.1775,0.19157575,0.167635,7.93,BUY,-13.48774647887323,0.0,,,,
414,Algorand Model,ALGO-USD,2025-06-13,2025-07-13,30.0,0.1775,0.19157575,0.219734,7.93,BUY,15.863802816901423,1.0,,,,
415,Bitcoin Model,BTC-USD,2025-06-13,2025-06-14,1.0,105159.0,105224.38,104819.0,0.06,HOLD,-0.38549244477410843,0.0,,,,
416,Bitcoin Model,BTC-USD,2025-06-13,2025-06-16,3.0,105159.0,103730.56,108551.0,1.36,HOLD,4.583953822307175,0.0,,,,
417,Bitcoin Model,BTC-USD,2025-06-13,2025-06-20,7.0,105159.0,104771.09,103428.0,0.37,HOLD,-1.2771992886961614,1.0,,,,
418,NVIDIA Bull Momentum Model,NVDA,2025-06-13,2025-06-18,5.0,145.0,152.6,145.48,5.24,BUY,-4.66579292267366,0.0,,,,
419,Wishing Well QQQ Model,QQQ,2025-06-13,2025-06-16,3.0,533.66,534.72732,526.96,50.0,HOLD,-1.455481017876537,0.0,,,,
424,NVIDIA Bull Momentum Model,NVDA,2025-06-14,2025-06-17,3.0,141.97,128.48,144.12,,,12.173100871731021,1.0,-9.5,,,
425,Long Bull Model,QQQ,2025-06-14,2025-06-17,3.0,526.96,531.13,534.29,0.79,HOLD,0.5996660088052164,1.0,,,,
426,Long Bull Model,QQQ,2025-06-14,2025-06-15,1.0,526.96,528.35,526.96,0.26,HOLD,-0.26377713678457304,0.0,,,,
427,QQQ Trading Signal,QQQ,2025-06-14,2025-06-17,3.0,529.92,532.43,534.29,87.3,BUY,0.3509963768115968,1.0,,,,
428,Algorand Model,ALGO-USD,2025-06-14,2025-06-17,3.0,0.1762,0.18694819999999998,0.173139,6.1,BUY,-7.8372304199772955,0.0,,,,
429,Algorand Model,ALGO-USD,2025-06-14,2025-06-21,7.0,0.1762,0.18694819999999998,0.162291,6.1,BUY,-13.993870601589098,0.0,,,,
430,Algorand Model,ALGO-USD,2025-06-14,2025-07-14,30.0,0.1762,0.18694819999999998,0.280094,6.1,BUY,52.86367763904656,1.0,,,,
431,Bitcoin Model,BTC-USD,2025-06-14,2025-06-15,1.0,105009.0,104774.32,105257.0,0.22,HOLD,0.4596558390233152,0.0,,,,
432,Bitcoin Model,BTC-USD,2025-06-14,2025-06-17,3.0,105009.0,103891.61,104991.0,1.06,HOLD,1.046948356807511,1.0,,,,
433,Bitcoin Model,BTC-USD,2025-06-14,2025-06-21,7.0,105009.0,106256.46,102304.0,1.19,HOLD,-3.7639249969050335,0.0,,,,
434,NVIDIA Bull Momentum Model,NVDA,2025-06-14,2025-06-19,5.0,141.97,128.48,144.69,9.5,SELL,12.616749688667502,1.0,,,,
435,Wishing Well QQQ Model,QQQ,2025-06-14,2025-06-17,3.0,526.96,528.01392,534.29,50.0,HOLD,1.1909974191589454,1.0,,,,
440,NVIDIA Bull Momentum Model,NVDA,2025-06-15,2025-06-18,3.0,141.97,128.48,145.48,,,13.231631382316314,1.0,-9.5,,,
441,Long Bull Model,QQQ,2025-06-15,2025-06-18,3.0,526.96,518.42,529.08,1.6200000000000003,SELL,2.0229239410961135,0.0,,,,
442,Long Bull Model,QQQ,2025-06-15,2025-06-16,1.0,526.96,524.11,526.96,0.54,HOLD,0.5408380142705371,0.0,,,,
443,QQQ Trading Signal,QQQ,2025-06-15,2025-06-18,3.0,529.92,532.43,529.08,87.3,BUY,-0.6321708937197896,0.0,,,,
444,Algorand Model,ALGO-USD,2025-06-15,2025-06-18,3.0,0.1741,0.18123809999999999,0.16726,4.1,BUY,-8.028776565192414,0.0,,,,
445,Algorand Model,ALGO-USD,2025-06-15,2025-06-22,7.0,0.1741,0.18123809999999999,0.155688,4.1,BUY,-14.675531303848357,0.0,,,,
446,Algorand Model,ALGO-USD,2025-06-15,2025-07-15,30.0,0.1741,0.18123809999999999,0.287658,4.1,BUY,61.12573233773695,1.0,,,,
447,Bitcoin Model,BTC-USD,2025-06-15,2025-06-16,1.0,105261.0,105164.39,108551.0,0.09,HOLD,3.21734545558184,0.0,,,,
448,Bitcoin Model,BTC-USD,2025-06-15,2025-06-18,3.0,105261.0,103950.09,104035.0,1.25,HOLD,0.08066615365615327,1.0,,,,
449,Bitcoin Model,BTC-USD,2025-06-15,2025-06-22,7.0,105261.0,106649.56,98952.0,1.32,HOLD,-7.312831913054215,0.0,,,,
450,NVIDIA Bull Momentum Model,NVDA,2025-06-15,2025-06-20,5.0,141.97,128.48,143.85,9.5,SELL,11.962951432129518,1.0,,,,
451,Wishing Well QQQ Model,QQQ,2025-06-15,2025-06-18,3.0,526.96,528.01392,529.08,50.0,HOLD,0.20230757552756493,1.0,,,,
456,NVIDIA Bull Momentum Model,NVDA,2025-06-16,2025-06-19,3.0,141.97,128.48,144.69,,,12.616749688667502,1.0,-9.5,,,
457,Long Bull Model,QQQ,2025-06-16,2025-06-19,3.0,526.96,524.76,528.99,0.42,HOLD,0.8027174738120575,0.0,,,,
458,Long Bull Model,QQQ,2025-06-16,2025-06-17,1.0,526.96,526.23,534.29,0.14,HOLD,1.5295278579019176,0.0,,,,
459,QQQ Trading Signal,QQQ,2025-06-16,2025-06-19,3.0,529.92,532.43,528.99,87.3,BUY,-0.6491545893719696,0.0,,,,
460,Algorand Model,ALGO-USD,2025-06-16,2025-06-19,3.0,0.1858,0.17983581999999998,0.169503,3.21,SELL,-5.561259418729813,1.0,,,,
461,Algorand Model,ALGO-USD,2025-06-16,2025-06-23,7.0,0.1858,0.17983581999999998,0.169982,3.21,SELL,-5.303455328310003,1.0,,,,
462,Algorand Model,ALGO-USD,2025-06-16,2025-07-16,30.0,0.1858,0.17983581999999998,0.285041,3.21,SELL,56.62280947255114,0.0,,,,
463,Bitcoin Model,BTC-USD,2025-06-16,2025-06-17,1.0,108556.0,108470.18,104991.0,0.08,HOLD,-3.2049633368952364,1.0,,,,
464,Bitcoin Model,BTC-USD,2025-06-16,2025-06-19,3.0,108556.0,107922.93,104265.0,0.58,HOLD,-3.369624894063887,1.0,,,,
465,Bitcoin Model,BTC-USD,2025-06-16,2025-06-23,7.0,108556.0,109898.46,103102.0,1.24,HOLD,-6.260787059213683,0.0,,,,
466,NVIDIA Bull Momentum Model,NVDA,2025-06-16,2025-06-21,5.0,141.97,128.48,145.48,9.5,SELL,13.231631382316314,1.0,,,,
467,Wishing Well QQQ Model,QQQ,2025-06-16,2025-06-19,3.0,526.96,528.01392,528.99,50.0,HOLD,0.1852284803400684,1.0,,,,
472,NVIDIA Bull Momentum Model,NVDA,2025-06-17,2025-06-20,3.0,144.69,154.25,143.85,,,-6.742301458670992,0.0,6.61,,,
473,Long Bull Model,QQQ,2025-06-17,2025-06-20,3.0,534.29,531.93,528.99,0.44,HOLD,-0.550262965805076,1.0,,,,
474,Long Bull Model,QQQ,2025-06-17,2025-06-18,1.0,534.29,533.5,529.08,0.15,HOLD,-0.8272660914484568,1.0,,,,
475,QQQ Trading Signal,QQQ,2025-06-17,2025-06-20,3.0,529.92,532.43,528.99,87.3,BUY,-0.6491545893719696,0.0,,,,
476,Algorand Model,ALGO-USD,2025-06-17,2025-06-20,3.0,0.1729,0.18576376,0.167635,7.44,BUY,-10.485112781954884,0.0,,,,
477,Algorand Model,ALGO-USD,2025-06-17,2025-06-24,7.0,0.1729,0.18576376,0.1818,7.44,BUY,-2.29251590514749,1.0,,,,
478,Algorand Model,ALGO-USD,2025-06-17,2025-07-17,30.0,0.1729,0.18576376,0.290805,7.44,BUY,60.752596876807395,1.0,,,,
479,Bitcoin Model,BTC-USD,2025-06-17,2025-06-18,1.0,105019.0,105153.59,104035.0,0.13,HOLD,-1.0651310715203883,0.0,,,,
480,Bitcoin Model,BTC-USD,2025-06-17,2025-06-20,3.0,105019.0,104425.96,103428.0,0.56,HOLD,-0.9502661423171107,1.0,,,,
481,Bitcoin Model,BTC-USD,2025-06-17,2025-06-24,7.0,105019.0,106607.82,105510.0,1.51,HOLD,-1.045353697902291,1.0,,,,
482,NVIDIA Bull Momentum Model,NVDA,2025-06-17,2025-06-22,5.0,144.69,154.25,143.85,6.61,BUY,-6.742301458670992,0.0,,,,
483,Wishing Well QQQ Model,QQQ,2025-06-17,2025-06-20,3.0,534.29,535.35858,528.99,50.0,HOLD,-1.1919706526418148,0.0,,,,
488,NVIDIA Bull Momentum Model,NVDA,2025-06-18,2025-06-21,3.0,144.12,141.51,145.48,,,2.8054554448448865,1.0,-1.81,,,
489,Long Bull Model,QQQ,2025-06-18,2025-06-21,3.0,529.08,538.06,526.83,1.7000000000000002,BUY,-2.122552355031357,0.0,,,,
490,Long Bull Model,QQQ,2025-06-18,2025-06-19,1.0,529.08,532.07,528.99,0.57,HOLD,-0.5821425871323884,0.0,,,,
491,QQQ Trading Signal,QQQ,2025-06-18,2025-06-21,3.0,529.92,532.43,526.83,87.3,BUY,-1.0567632850241375,0.0,,,,
492,Algorand Model,ALGO-USD,2025-06-18,2025-06-21,3.0,0.1672,0.18198048,0.162291,8.84,BUY,-11.776004784689,0.0,,,,
493,Algorand Model,ALGO-USD,2025-06-18,2025-06-25,7.0,0.1672,0.18198048,0.17815,8.84,BUY,-2.2909569377990415,1.0,,,,
494,Algorand Model,ALGO-USD,2025-06-18,2025-07-18,30.0,0.1672,0.18198048,0.307652,8.84,BUY,75.16239234449759,1.0,,,,
495,Bitcoin Model,BTC-USD,2025-06-18,2025-06-19,1.0,104154.0,104368.46,104265.0,0.21,HOLD,-0.09933367897536954,1.0,,,,
496,Bitcoin Model,BTC-USD,2025-06-18,2025-06-21,3.0,104154.0,105029.38,102304.0,0.84,HOLD,-2.6166829886514247,0.0,,,,
497,Bitcoin Model,BTC-USD,2025-06-18,2025-06-25,7.0,104154.0,105927.98,107734.0,1.7,HOLD,1.733990053190472,1.0,,,,
498,NVIDIA Bull Momentum Model,NVDA,2025-06-18,2025-06-23,5.0,144.12,141.51,144.17,1.81,SELL,1.8797258144300732,1.0,,,,
499,Wishing Well QQQ Model,QQQ,2025-06-18,2025-06-21,3.0,529.08,530.1381600000001,526.83,50.0,HOLD,-0.6252665003402214,0.0,,,,
504,NVIDIA Bull Momentum Model,NVDA,2025-06-19,2025-06-22,3.0,145.48,152.38,143.85,,,-5.597847486546792,0.0,4.75,,,
505,Long Bull Model,QQQ,2025-06-19,2025-06-22,3.0,528.99,522.72,526.83,1.18,SELL,0.7769523053365873,1.0,,,,
506,Long Bull Model,QQQ,2025-06-19,2025-06-20,1.0,528.99,526.9,528.99,0.39,HOLD,0.39509253483053214,0.0,,,,
507,QQQ Trading Signal,QQQ,2025-06-19,2025-06-22,3.0,529.92,532.43,526.83,87.3,BUY,-1.0567632850241375,0.0,,,,
508,Algorand Model,ALGO-USD,2025-06-19,2025-06-22,3.0,0.1698,0.17854470000000003,0.155688,5.15,BUY,-13.46095406360426,0.0,,,,
509,Algorand Model,ALGO-USD,2025-06-19,2025-06-26,7.0,0.1698,0.17854470000000003,0.17248,5.15,BUY,-3.5716725559481945,1.0,,,,
510,Algorand Model,ALGO-USD,2025-06-19,2025-07-19,30.0,0.1698,0.17854470000000003,0.292277,5.15,BUY,66.98015312131919,1.0,,,,
511,Bitcoin Model,BTC-USD,2025-06-19,2025-06-20,1.0,104206.0,104173.4,103428.0,0.03,HOLD,-0.7153138974723089,1.0,,,,
512,Bitcoin Model,BTC-USD,2025-06-19,2025-06-22,3.0,104206.0,104453.68,98952.0,0.24,HOLD,-5.2796192157841135,0.0,,,,
513,Bitcoin Model,BTC-USD,2025-06-19,2025-06-26,7.0,104206.0,105812.9,107614.0,1.54,HOLD,1.728403354893198,1.0,,,,
514,NVIDIA Bull Momentum Model,NVDA,2025-06-19,2025-06-24,5.0,145.48,152.38,147.9,4.75,BUY,-2.940018375114838,0.0,,,,
515,Wishing Well QQQ Model,QQQ,2025-06-19,2025-06-22,3.0,528.99,530.04798,526.83,50.0,HOLD,-0.6083252991549956,0.0,,,,
520,NVIDIA Bull Momentum Model,NVDA,2025-06-20,2025-06-23,3.0,145.48,152.38,144.17,,,-5.387846174038593,0.0,4.75,,,
521,Long Bull Model,QQQ,2025-06-20,2025-06-23,3.0,528.99,530.56,526.83,0.3,HOLD,-0.7051172990037438,0.0,,,,
522,Long Bull Model,QQQ,2025-06-20,2025-06-21,1.0,528.99,529.51,526.83,0.1,HOLD,-0.5066258341367417,0.0,,,,
523,QQQ Trading Signal,QQQ,2025-06-20,2025-06-23,3.0,529.92,532.43,526.83,87.3,BUY,-1.0567632850241375,0.0,,,,
524,Algorand Model,ALGO-USD,2025-06-20,2025-06-23,3.0,0.1672,0.17378768,0.169982,3.94,BUY,-2.2761244019138793,1.0,,,,
525,Algorand Model,ALGO-USD,2025-06-20,2025-06-27,7.0,0.1672,0.17378768,0.17201,3.94,BUY,-1.0632057416267964,1.0,,,,
526,Algorand Model,ALGO-USD,2025-06-20,2025-07-20,30.0,0.1672,0.17378768,0.2999,3.94,BUY,75.42602870813397,1.0,,,,
527,Bitcoin Model,BTC-USD,2025-06-20,2025-06-21,1.0,103302.0,103246.54,102304.0,0.05,HOLD,-0.9124121507811984,1.0,,,,
528,Bitcoin Model,BTC-USD,2025-06-20,2025-06-23,3.0,103302.0,102829.73,103102.0,0.46,HOLD,0.2635670170955103,1.0,,,,
529,Bitcoin Model,BTC-USD,2025-06-20,2025-06-27,7.0,103302.0,104796.64,106985.0,1.45,HOLD,2.1184100985460113,1.0,,,,
530,NVIDIA Bull Momentum Model,NVDA,2025-06-20,2025-06-25,5.0,145.48,152.38,154.31,4.75,BUY,1.266570416065105,1.0,,,,
531,Wishing Well QQQ Model,QQQ,2025-06-20,2025-06-23,3.0,528.99,530.04798,526.83,50.0,HOLD,-0.6083252991549956,0.0,,,,
536,NVIDIA Bull Momentum Model,NVDA,2025-06-21,2025-06-24,3.0,143.85,136.66,147.9,,,8.224791453241629,1.0,-5.0,,,
537,Long Bull Model,QQQ,2025-06-21,2025-06-24,3.0,526.83,525.92,531.65,0.17,HOLD,1.0876373782814226,0.0,,,,
538,Long Bull Model,QQQ,2025-06-21,2025-06-22,1.0,526.83,526.53,526.83,0.06,HOLD,0.05694436535506107,0.0,,,,
539,QQQ Trading Signal,QQQ,2025-06-21,2025-06-24,3.0,529.92,532.43,531.65,87.3,BUY,-0.1471920289855021,1.0,,,,
540,Algorand Model,ALGO-USD,2025-06-21,2025-06-24,3.0,0.1626,0.17359176,0.2554144263267517,6.76,BUY,47.135109596648874,1.0,,,,
541,Algorand Model,ALGO-USD,2025-06-21,2025-06-28,7.0,0.1626,0.17359176,0.2554144263267517,6.76,BUY,47.135109596648874,1.0,,,,
542,Algorand Model,ALGO-USD,2025-06-21,2025-07-21,30.0,0.1626,0.17359176,0.2554144263267517,6.76,BUY,47.135109596648874,1.0,,,,
543,Bitcoin Model,BTC-USD,2025-06-21,2025-06-22,1.0,102399.0,102420.31,98952.0,0.02,HOLD,-3.3870545610796956,0.0,,,,
544,Bitcoin Model,BTC-USD,2025-06-21,2025-06-24,3.0,102399.0,101948.32,105510.0,0.44,HOLD,3.4782370921590964,0.0,,,,
545,Bitcoin Model,BTC-USD,2025-06-21,2025-06-28,7.0,102399.0,104686.88,107273.0,2.23,HOLD,2.5255324759030806,1.0,,,,
546,NVIDIA Bull Momentum Model,NVDA,2025-06-21,2025-06-26,5.0,143.85,136.66,155.02,5.0,SELL,13.434801697643797,1.0,,,,
547,Wishing Well QQQ Model,QQQ,2025-06-21,2025-06-24,3.0,526.83,527.8836600000001,531.65,50.0,HOLD,0.7149061367044207,1.0,,,,
552,NVIDIA Bull Momentum Model,NVDA,2025-06-22,2025-06-25,3.0,143.85,136.66,154.31,,,12.915264159227283,1.0,-5.0,,,
553,Long Bull Model,QQQ,2025-06-22,2025-06-25,3.0,526.83,526.14,539.78,0.13,HOLD,2.5890704781428515,0.0,,,,
554,Long Bull Model,QQQ,2025-06-22,2025-06-23,1.0,526.83,526.6,526.83,0.04,HOLD,0.043657346772207006,0.0,,,,
555,QQQ Trading Signal,QQQ,2025-06-22,2025-06-25,3.0,529.92,532.43,539.78,87.3,BUY,1.3870018115942073,1.0,,,,
556,Algorand Model,ALGO-USD,2025-06-22,2025-06-25,3.0,0.1558,0.1632784,0.2554144263267517,4.8,BUY,56.42879053613443,1.0,,,,
557,Algorand Model,ALGO-USD,2025-06-22,2025-06-29,7.0,0.1558,0.1632784,0.2554144263267517,4.8,BUY,56.42879053613443,1.0,,,,
558,Algorand Model,ALGO-USD,2025-06-22,2025-07-22,30.0,0.1558,0.1632784,0.2554144263267517,4.8,BUY,56.42879053613443,1.0,,,,
559,Bitcoin Model,BTC-USD,2025-06-22,2025-06-23,1.0,99139.0,99188.8,103102.0,0.05,HOLD,3.94718526513279,1.0,,,,
560,Bitcoin Model,BTC-USD,2025-06-22,2025-06-25,3.0,99139.0,98689.33,107734.0,0.45,HOLD,9.123220932226468,0.0,,,,
561,Bitcoin Model,BTC-USD,2025-06-22,2025-06-29,7.0,99139.0,101558.0,107444.0,2.44,HOLD,5.937118591069105,1.0,,,,
562,NVIDIA Bull Momentum Model,NVDA,2025-06-22,2025-06-27,5.0,143.85,136.66,157.75,5.0,SELL,15.432460120005857,1.0,,,,
563,Wishing Well QQQ Model,QQQ,2025-06-22,2025-06-25,3.0,526.83,527.8836600000001,539.78,50.0,HOLD,2.2580984378262237,1.0,,,,
568,NVIDIA Bull Momentum Model,NVDA,2025-06-23,2025-06-26,3.0,143.85,136.66,155.02,,,13.434801697643797,1.0,-5.0,,,
569,Long Bull Model,QQQ,2025-06-23,2025-06-26,3.0,526.83,530.31,541.16,0.66,HOLD,2.059487880340911,1.0,,,,
570,Long Bull Model,QQQ,2025-06-23,2025-06-24,1.0,526.83,527.99,531.65,0.22,HOLD,0.694721257331581,1.0,,,,
571,QQQ Trading Signal,QQQ,2025-06-23,2025-06-26,3.0,529.92,532.43,541.16,87.3,BUY,1.6474184782608732,1.0,,,,
572,Algorand Model,ALGO-USD,2025-06-23,2025-06-26,3.0,0.1687,0.16102415,0.2554144263267517,4.55,SELL,58.61870801786671,0.0,,,,
573,Algorand Model,ALGO-USD,2025-06-23,2025-06-30,7.0,0.1687,0.16102415,0.2554144263267517,4.55,SELL,58.61870801786671,0.0,,,,
574,Algorand Model,ALGO-USD,2025-06-23,2025-07-23,30.0,0.1687,0.16102415,0.2554144263267517,4.55,SELL,58.61870801786671,0.0,,,,
575,Bitcoin Model,BTC-USD,2025-06-23,2025-06-24,1.0,102764.0,102895.58,105510.0,0.13,HOLD,2.5441010470592795,1.0,,,,
576,Bitcoin Model,BTC-USD,2025-06-23,2025-06-26,3.0,102764.0,102482.48,107614.0,0.27,HOLD,4.993499669144841,0.0,,,,
577,Bitcoin Model,BTC-USD,2025-06-23,2025-06-30,7.0,102764.0,104141.25,107586.0,1.34,HOLD,3.352098010976606,1.0,,,,
578,NVIDIA Bull Momentum Model,NVDA,2025-06-23,2025-06-28,5.0,143.85,136.66,154.31,5.0,SELL,12.915264159227283,1.0,,,,
579,Wishing Well QQQ Model,QQQ,2025-06-23,2025-06-26,3.0,526.83,527.8836600000001,541.16,50.0,HOLD,2.5200425184594444,1.0,,,,
584,NVIDIA Bull Momentum Model,NVDA,2025-06-24,2025-06-27,3.0,144.17,145.52,157.75,,,8.404343045629458,1.0,0.94,,,
585,Long Bull Model,QQQ,2025-06-24,2025-06-27,3.0,531.65,531.84,546.22,0.04,HOLD,2.7047869839179906,1.0,,,,
586,Long Bull Model,QQQ,2025-06-24,2025-06-25,1.0,531.65,531.71,539.78,0.01,HOLD,1.5179159221292085,1.0,,,,
587,QQQ Trading Signal,QQQ,2025-06-24,2025-06-27,3.0,529.92,532.43,546.22,87.3,BUY,2.6022795893719954,1.0,,,,
588,Algorand Model,ALGO-USD,2025-06-24,2025-06-27,3.0,0.182,0.16665739999999998,0.2554144263267517,8.43,SELL,53.25717689508641,0.0,,,,
589,Algorand Model,ALGO-USD,2025-06-24,2025-07-01,7.0,0.182,0.16665739999999998,0.2554144263267517,8.43,SELL,53.25717689508641,0.0,,,,
590,Algorand Model,ALGO-USD,2025-06-24,2025-07-24,30.0,0.182,0.16665739999999998,0.2554144263267517,8.43,SELL,53.25717689508641,0.0,,,,
591,Bitcoin Model,BTC-USD,2025-06-24,2025-06-25,1.0,105522.0,105566.51,107734.0,0.04,HOLD,2.054064555258624,1.0,,,,
592,Bitcoin Model,BTC-USD,2025-06-24,2025-06-27,3.0,105522.0,105596.32,106985.0,0.07,HOLD,1.3160099315782425,1.0,,,,
593,Bitcoin Model,BTC-USD,2025-06-24,2025-07-01,7.0,105522.0,105214.96,105501.0,0.29,HOLD,0.27107143534049166,1.0,,,,
594,NVIDIA Bull Momentum Model,NVDA,2025-06-24,2025-06-29,5.0,144.17,145.52,155.02,0.94,HOLD,6.528312259483232,1.0,,,,
595,Wishing Well QQQ Model,QQQ,2025-06-24,2025-06-27,3.0,531.65,532.7133,546.22,50.0,HOLD,2.5405247813411127,1.0,,,,
600,NVIDIA Bull Momentum Model,NVDA,2025-06-25,2025-06-28,3.0,147.9,162.36,154.31,,,-4.958117762995819,0.0,9.78,,,
601,Long Bull Model,QQQ,2025-06-25,2025-06-28,3.0,539.78,545.22,548.09,1.01,BUY,0.5316980992256113,1.0,,,,
602,Long Bull Model,QQQ,2025-06-25,2025-06-26,1.0,539.78,541.59,541.16,0.34,HOLD,-0.07966208455297782,1.0,,,,
603,QQQ Trading Signal,QQQ,2025-06-25,2025-06-28,3.0,529.92,532.43,548.09,87.3,BUY,2.9551630434782763,1.0,,,,
604,Algorand Model,ALGO-USD,2025-06-25,2025-06-28,3.0,0.1777,0.18272891,0.2554144263267517,2.83,BUY,39.77778684651034,1.0,,,,
605,Algorand Model,ALGO-USD,2025-06-25,2025-07-02,7.0,0.1777,0.18272891,0.2554144263267517,2.83,BUY,39.77778684651034,1.0,,,,
606,Algorand Model,ALGO-USD,2025-06-25,2025-07-25,30.0,0.1777,0.18272891,0.2554144263267517,2.83,BUY,39.77778684651034,1.0,,,,
607,Bitcoin Model,BTC-USD,2025-06-25,2025-06-26,1.0,107703.0,107827.55,107614.0,0.12,HOLD,-0.19827674252342356,0.0,,,,
608,Bitcoin Model,BTC-USD,2025-06-25,2025-06-28,3.0,107703.0,107157.99,107273.0,0.51,HOLD,0.10678439783478155,1.0,,,,
609,Bitcoin Model,BTC-USD,2025-06-25,2025-07-02,7.0,107703.0,110861.48,109609.0,2.93,HOLD,-1.1629016833328654,1.0,,,,
610,NVIDIA Bull Momentum Model,NVDA,2025-06-25,2025-06-30,5.0,147.9,162.36,157.75,9.78,BUY,-2.839369302783945,0.0,,,,
611,Wishing Well QQQ Model,QQQ,2025-06-25,2025-06-28,3.0,539.78,547.8766999999999,548.09,65.0,BUY,0.03951609915152794,1.0,,,,
616,NVIDIA Bull Momentum Model,NVDA,2025-06-26,2025-06-29,3.0,154.31,181.27,155.02,,,-14.481160699509019,0.0,17.47,,,
617,Long Bull Model,QQQ,2025-06-26,2025-06-29,3.0,541.16,548.5,548.09,1.36,BUY,-0.0757631754009846,1.0,,,,
618,Long Bull Model,QQQ,2025-06-26,2025-06-27,1.0,541.16,543.61,546.22,0.45000000000000007,HOLD,0.4822972873087467,1.0,,,,
619,QQQ Trading Signal,QQQ,2025-06-26,2025-06-29,3.0,529.92,532.43,548.09,87.3,BUY,2.9551630434782763,1.0,,,,
620,Algorand Model,ALGO-USD,2025-06-26,2025-06-29,3.0,0.1726,0.18979095999999998,0.2554144263267517,9.96,BUY,34.576708146031685,1.0,,,,
621,Algorand Model,ALGO-USD,2025-06-26,2025-07-03,7.0,0.1726,0.18979095999999998,0.2554144263267517,9.96,BUY,34.576708146031685,1.0,,,,
622,Algorand Model,ALGO-USD,2025-06-26,2025-07-26,30.0,0.1726,0.18979095999999998,0.2554144263267517,9.96,BUY,34.576708146031685,1.0,,,,
623,Bitcoin Model,BTC-USD,2025-06-26,2025-06-27,1.0,107618.0,107740.44,106985.0,0.11,HOLD,-0.7019643554052318,0.0,,,,
624,Bitcoin Model,BTC-USD,2025-06-26,2025-06-29,3.0,107618.0,107099.07,107444.0,0.48,HOLD,0.32051329703208853,1.0,,,,
625,Bitcoin Model,BTC-USD,2025-06-26,2025-07-03,7.0,107618.0,110749.95,109824.0,2.91,HOLD,-0.8604043933171004,1.0,,,,
626,NVIDIA Bull Momentum Model,NVDA,2025-06-26,2025-07-01,5.0,154.31,181.27,157.75,17.47,BUY,-15.24204523362064,1.0,,,,
627,Wishing Well QQQ Model,QQQ,2025-06-26,2025-06-29,3.0,541.16,549.2774,548.09,65.0,BUY,-0.21941754749055944,1.0,,,,
632,NVIDIA Bull Momentum Model,NVDA,2025-06-27,2025-06-30,3.0,155.02,160.41,157.75,,,-1.658250732497972,0.0,3.48,,,
633,Long Bull Model,QQQ,2025-06-27,2025-06-30,3.0,546.22,549.76,548.09,0.65,HOLD,-0.3057376148804436,1.0,,,,
634,Long Bull Model,QQQ,2025-06-27,2025-06-28,1.0,546.22,547.4,548.09,0.22,HOLD,0.12632272710630416,1.0,,,,
635,QQQ Trading Signal,QQQ,2025-06-27,2025-06-30,3.0,529.92,532.43,548.09,87.3,BUY,2.9551630434782763,1.0,,,,
636,Algorand Model,ALGO-USD,2025-06-27,2025-06-30,3.0,0.1717,0.18184746999999998,0.2554144263267517,5.91,BUY,40.45530923622513,1.0,,,,
637,Algorand Model,ALGO-USD,2025-06-27,2025-07-04,7.0,0.1717,0.18184746999999998,0.2554144263267517,5.91,BUY,40.45530923622513,1.0,,,,
638,Algorand Model,ALGO-USD,2025-06-27,2025-07-27,30.0,0.1717,0.18184746999999998,0.2554144263267517,5.91,BUY,40.45530923622513,1.0,,,,
639,Bitcoin Model,BTC-USD,2025-06-27,2025-06-28,1.0,106838.0,106901.88,107273.0,0.06,HOLD,0.34736704168928223,1.0,,,,
640,Bitcoin Model,BTC-USD,2025-06-27,2025-06-30,3.0,106838.0,106217.7,107586.0,0.58,HOLD,1.2807240869353629,0.0,,,,
641,Bitcoin Model,BTC-USD,2025-06-27,2025-07-04,7.0,106838.0,106990.77,107506.0,0.14,HOLD,0.4822535053070966,1.0,,,,
642,NVIDIA Bull Momentum Model,NVDA,2025-06-27,2025-07-02,5.0,155.02,160.41,157.25,3.48,BUY,-2.038446652044895,1.0,,,,
643,Wishing Well QQQ Model,QQQ,2025-06-27,2025-06-30,3.0,546.22,554.4132999999999,548.09,65.0,BUY,-1.1576471019003154,1.0,,,,
648,NVIDIA Bull Momentum Model,NVDA,2025-06-28,2025-07-01,3.0,157.75,171.58,157.75,,,-8.767036450079248,0.0,8.77,,,
649,Long Bull Model,QQQ,2025-06-28,2025-07-01,3.0,548.09,556.01,551.64,1.44,BUY,-0.7973143096936643,1.0,,,,
650,Long Bull Model,QQQ,2025-06-28,2025-06-29,1.0,548.09,550.73,548.09,0.48,HOLD,-0.48167271798427014,0.0,,,,
651,QQQ Trading Signal,QQQ,2025-06-28,2025-07-01,3.0,529.92,532.43,551.64,87.3,BUY,3.625075483091795,1.0,,,,
652,Algorand Model,ALGO-USD,2025-06-28,2025-07-01,3.0,0.1764,0.17751132,0.2554144263267517,0.63,HOLD,43.886275155157264,1.0,,,,
653,Algorand Model,ALGO-USD,2025-06-28,2025-07-05,7.0,0.1764,0.17751132,0.2554144263267517,0.63,HOLD,43.886275155157264,1.0,,,,
654,Algorand Model,ALGO-USD,2025-06-28,2025-07-28,30.0,0.1764,0.17751132,0.2554144263267517,0.63,HOLD,43.886275155157264,1.0,,,,
655,Bitcoin Model,BTC-USD,2025-06-28,2025-06-29,1.0,107288.0,107381.12,107444.0,0.09,HOLD,0.05860860487659818,1.0,,,,
656,Bitcoin Model,BTC-USD,2025-06-28,2025-07-01,3.0,107288.0,106765.47,105501.0,0.49,HOLD,-1.1785754231600936,1.0,,,,
657,Bitcoin Model,BTC-USD,2025-06-28,2025-07-05,7.0,107288.0,109139.69,108150.0,1.73,HOLD,-0.9224610394452336,1.0,,,,
658,NVIDIA Bull Momentum Model,NVDA,2025-06-28,2025-07-03,5.0,157.75,171.58,159.34,8.77,BUY,-7.759112519809832,1.0,,,,
659,Wishing Well QQQ Model,QQQ,2025-06-28,2025-07-01,3.0,548.09,556.31135,551.64,65.0,BUY,-0.8522961557408384,1.0,,,,
664,NVIDIA Bull Momentum Model,NVDA,2025-06-29,2025-07-02,3.0,157.75,171.58,157.25,,,-9.083993660855793,0.0,8.77,,,
665,Long Bull Model,QQQ,2025-06-29,2025-07-02,3.0,548.09,550.87,546.99,0.51,HOLD,-0.7079129340071877,0.0,,,,
666,Long Bull Model,QQQ,2025-06-29,2025-06-30,1.0,548.09,549.02,548.09,0.17,HOLD,-0.16968016201717784,0.0,,,,
667,QQQ Trading Signal,QQQ,2025-06-29,2025-07-02,3.0,529.92,532.43,546.99,87.3,BUY,2.7475845410628135,1.0,,,,
668,Algorand Model,ALGO-USD,2025-06-29,2025-07-02,3.0,0.1811,0.17745989,0.2554144263267517,2.01,SELL,43.927975119759004,0.0,,,,
669,Algorand Model,ALGO-USD,2025-06-29,2025-07-06,7.0,0.1811,0.17745989,0.2554144263267517,2.01,SELL,43.927975119759004,0.0,,,,
670,Algorand Model,ALGO-USD,2025-06-29,2025-07-29,30.0,0.1811,0.17745989,0.2554144263267517,2.01,SELL,43.927975119759004,0.0,,,,
671,Bitcoin Model,BTC-USD,2025-06-29,2025-06-30,1.0,107438.0,107533.53,107586.0,0.09,HOLD,0.0488374690519194,1.0,,,,
672,Bitcoin Model,BTC-USD,2025-06-29,2025-07-02,3.0,107438.0,106847.17,109609.0,0.55,HOLD,2.570626780096429,0.0,,,,
673,Bitcoin Model,BTC-USD,2025-06-29,2025-07-06,7.0,107438.0,109497.7,108555.0,1.92,HOLD,-0.8774362888363495,1.0,,,,
674,NVIDIA Bull Momentum Model,NVDA,2025-06-29,2025-07-04,5.0,157.75,171.58,159.34,8.77,BUY,-7.759112519809832,1.0,,,,
675,Wishing Well QQQ Model,QQQ,2025-06-29,2025-07-02,3.0,548.09,556.31135,546.99,65.0,BUY,-1.700696965826769,0.0,,,,
680,NVIDIA Bull Momentum Model,NVDA,2025-06-30,2025-07-03,3.0,157.75,171.58,159.34,,,-7.759112519809832,1.0,8.77,,,
681,Long Bull Model,QQQ,2025-06-30,2025-07-03,3.0,548.09,549.34,550.8,0.22999999999999998,HOLD,0.26637960918825787,1.0,,,,
682,Long Bull Model,QQQ,2025-06-30,2025-07-01,1.0,548.09,548.51,551.64,0.08,HOLD,0.5710740936707467,1.0,,,,
683,QQQ Trading Signal,QQQ,2025-06-30,2025-07-03,3.0,529.92,532.43,550.8,87.3,BUY,3.4665609903381656,1.0,,,,
684,Algorand Model,ALGO-USD,2025-06-30,2025-07-03,3.0,0.1838,0.1851785,0.2554144263267517,0.75,HOLD,37.928769445022894,1.0,,,,
685,Algorand Model,ALGO-USD,2025-06-30,2025-07-07,7.0,0.1838,0.1851785,0.2554144263267517,0.75,HOLD,37.928769445022894,1.0,,,,
686,Algorand Model,ALGO-USD,2025-06-30,2025-07-30,30.0,0.1838,0.1851785,0.2554144263267517,0.75,HOLD,37.928769445022894,1.0,,,,
687,Bitcoin Model,BTC-USD,2025-06-30,2025-07-01,1.0,107488.0,107538.3,105501.0,0.05,HOLD,-1.8953743673712442,0.0,,,,
688,Bitcoin Model,BTC-USD,2025-06-30,2025-07-03,3.0,107488.0,106974.87,109824.0,0.48,HOLD,2.650649374813937,0.0,,,,
689,Bitcoin Model,BTC-USD,2025-06-30,2025-07-07,7.0,107488.0,106469.24,107993.0,0.95,HOLD,1.4176094075617696,0.0,,,,
690,NVIDIA Bull Momentum Model,NVDA,2025-06-30,2025-07-05,5.0,157.75,171.58,159.34,8.77,BUY,-7.759112519809832,1.0,,,,
691,Wishing Well QQQ Model,QQQ,2025-06-30,2025-07-03,3.0,548.09,556.31135,550.8,65.0,BUY,-1.005555656917658,1.0,,,,
696,NVIDIA Bull Momentum Model,NVDA,2025-07-01,2025-07-04,3.0,157.99,160.83,159.34,,,-0.9430976644091454,1.0,1.79,,,
697,Long Bull Model,QQQ,2025-07-01,2025-07-04,3.0,551.64,548.42,556.22,0.58,HOLD,1.4139656297585506,0.0,,,,
698,Long Bull Model,QQQ,2025-07-01,2025-07-02,1.0,551.64,550.57,546.99,0.19,HOLD,-0.6489739685302083,1.0,,,,
699,QQQ Trading Signal,QQQ,2025-07-01,2025-07-04,3.0,529.92,532.43,556.22,87.3,BUY,4.489356884057986,1.0,,,,
700,Algorand Model,ALGO-USD,2025-07-01,2025-07-04,3.0,0.1705,0.19142035000000002,0.172734,12.27,BUY,-10.959736070381242,1.0,,,,
701,Algorand Model,ALGO-USD,2025-07-01,2025-07-08,7.0,0.1705,0.19142035000000002,0.178964,12.27,BUY,-7.305777126099709,1.0,,,,
702,Algorand Model,ALGO-USD,2025-07-01,2025-07-31,30.0,0.1705,0.19142035000000002,0.252197,12.27,BUY,35.64612903225806,1.0,,,,
703,Bitcoin Model,BTC-USD,2025-07-01,2025-07-02,1.0,105545.0,105407.25,109609.0,0.13,HOLD,3.981003363494244,0.0,,,,
704,Bitcoin Model,BTC-USD,2025-07-01,2025-07-04,3.0,105545.0,103726.45,107506.0,1.72,HOLD,3.5809844142308997,0.0,,,,
705,Bitcoin Model,BTC-USD,2025-07-01,2025-07-08,7.0,105545.0,106728.91,108774.0,1.12,HOLD,1.9376474489554187,1.0,,,,
706,NVIDIA Bull Momentum Model,NVDA,2025-07-01,2025-07-06,5.0,157.99,160.83,159.34,1.79,BUY,-0.9430976644091454,1.0,,,,
707,Wishing Well QQQ Model,QQQ,2025-07-01,2025-07-04,3.0,551.64,559.9146,556.22,65.0,BUY,-0.669748386628947,1.0,,,,
712,NVIDIA Bull Momentum Model,NVDA,2025-07-02,2025-07-05,3.0,153.3,132.74,159.34,,,17.351598173515978,0.0,-13.41,,,
713,Long Bull Model,QQQ,2025-07-02,2025-07-05,3.0,546.99,549.66,556.22,0.49,HOLD,1.1992906634490683,1.0,,,,
714,Long Bull Model,QQQ,2025-07-02,2025-07-03,1.0,546.99,547.88,550.8,0.16,HOLD,0.5338306001937804,1.0,,,,
715,QQQ Trading Signal,QQQ,2025-07-02,2025-07-05,3.0,529.92,532.43,556.22,87.3,BUY,4.489356884057986,1.0,,,,
716,Algorand Model,ALGO-USD,2025-07-02,2025-07-05,3.0,0.1826,0.18031750000000002,0.174357,1.25,SELL,-3.2642387732749216,1.0,,,,
717,Algorand Model,ALGO-USD,2025-07-02,2025-07-09,7.0,0.1826,0.18031750000000002,0.178964,1.25,SELL,-0.7412376779846699,1.0,,,,
718,Algorand Model,ALGO-USD,2025-07-02,2025-08-01,30.0,0.1826,0.18031750000000002,0.241459,1.25,SELL,33.48384446878422,0.0,,,,
719,Bitcoin Model,BTC-USD,2025-07-02,2025-07-03,1.0,109488.0,109345.32,109824.0,0.13,HOLD,0.43719859710652587,0.0,,,,
720,Bitcoin Model,BTC-USD,2025-07-02,2025-07-05,3.0,109488.0,107639.26,108150.0,1.69,HOLD,0.4664803448779823,1.0,,,,
721,Bitcoin Model,BTC-USD,2025-07-02,2025-07-09,7.0,109488.0,110716.14,108774.0,1.12,HOLD,-1.7738382288469963,0.0,,,,
722,NVIDIA Bull Momentum Model,NVDA,2025-07-02,2025-07-07,5.0,153.3,132.74,158.24,13.41,SELL,16.634050880626223,0.0,,,,
723,Wishing Well QQQ Model,QQQ,2025-07-02,2025-07-05,3.0,546.99,555.19485,556.22,65.0,BUY,0.18741658896872945,1.0,,,,
728,NVIDIA Bull Momentum Model,NVDA,2025-07-03,2025-07-06,3.0,157.25,174.89,159.34,,,-9.888712241653408,1.0,11.22,,,
729,Long Bull Model,QQQ,2025-07-03,2025-07-06,3.0,550.8,543.33,556.22,1.36,SELL,2.340232389251995,0.0,,,,
730,Long Bull Model,QQQ,2025-07-03,2025-07-04,1.0,550.8,548.31,556.22,0.45000000000000007,HOLD,1.436092955700814,0.0,,,,
731,QQQ Trading Signal,QQQ,2025-07-03,2025-07-06,3.0,529.92,532.43,556.22,87.3,BUY,4.489356884057986,1.0,,,,
732,Algorand Model,ALGO-USD,2025-07-03,2025-07-06,3.0,0.1836,0.18104796,0.1765,1.39,SELL,-2.4771023965141707,1.0,,,,
733,Algorand Model,ALGO-USD,2025-07-03,2025-07-10,7.0,0.1836,0.18104796,0.178964,1.39,SELL,-1.1350544662309345,1.0,,,,
734,Algorand Model,ALGO-USD,2025-07-03,2025-08-02,30.0,0.1836,0.18104796,0.225913,1.39,SELL,24.43629629629629,0.0,,,,
735,Bitcoin Model,BTC-USD,2025-07-03,2025-07-04,1.0,109816.0,109977.12,107506.0,0.15,HOLD,-2.2502367596707176,0.0,,,,
736,Bitcoin Model,BTC-USD,2025-07-03,2025-07-06,3.0,109816.0,109224.21,108555.0,0.54,HOLD,-0.6093920740147214,1.0,,,,
737,Bitcoin Model,BTC-USD,2025-07-03,2025-07-10,7.0,109816.0,109690.13,108774.0,0.11,HOLD,-0.834240912071105,1.0,,,,
738,NVIDIA Bull Momentum Model,NVDA,2025-07-03,2025-07-08,5.0,157.25,174.89,160.0,11.22,BUY,-9.468998410174873,1.0,,,,
739,Wishing Well QQQ Model,QQQ,2025-07-03,2025-07-06,3.0,550.8,559.0619999999999,556.22,65.0,BUY,-0.515976761074777,1.0,,,,
744,NVIDIA Bull Momentum Model,NVDA,2025-07-04,2025-07-07,3.0,159.34,170.36,158.24,,,-7.60637630224677,0.0,6.92,,,
745,Long Bull Model,QQQ,2025-07-04,2025-07-07,3.0,556.22,559.58,556.22,0.6,HOLD,-0.6040775232821569,0.0,,,,
746,Long Bull Model,QQQ,2025-07-04,2025-07-05,1.0,556.22,557.34,556.22,0.2,HOLD,-0.20135917442738566,0.0,,,,
747,QQQ Trading Signal,QQQ,2025-07-04,2025-07-07,3.0,529.92,532.43,556.22,87.3,BUY,4.489356884057986,1.0,,,,
748,Algorand Model,ALGO-USD,2025-07-04,2025-07-07,3.0,0.1728,0.18389376000000002,0.174863,6.42,BUY,-5.226134259259274,1.0,,,,
749,Algorand Model,ALGO-USD,2025-07-04,2025-07-11,7.0,0.1728,0.18389376000000002,0.228672,6.42,BUY,25.913333333333316,1.0,,,,
750,Algorand Model,ALGO-USD,2025-07-04,2025-08-03,30.0,0.1728,0.18389376000000002,0.242023,6.42,BUY,33.639606481481465,1.0,,,,
751,Bitcoin Model,BTC-USD,2025-07-04,2025-07-05,1.0,107476.0,107930.69,108150.0,0.42,BUY,0.20405485875916266,1.0,,,,
752,Bitcoin Model,BTC-USD,2025-07-04,2025-07-07,3.0,107476.0,107699.1,107993.0,0.21,BUY,0.27345639956827034,1.0,,,,
753,Bitcoin Model,BTC-USD,2025-07-04,2025-07-11,7.0,107476.0,110418.52,118060.0,2.74,BUY,7.1099408239979125,1.0,,,,
754,NVIDIA Bull Momentum Model,NVDA,2025-07-04,2025-07-09,5.0,159.34,170.36,162.88,6.92,BUY,-4.694364252541746,1.0,,,,
755,Wishing Well QQQ Model,QQQ,2025-07-04,2025-07-07,3.0,556.22,564.5633,556.22,65.0,BUY,-1.4999999999999998,0.0,,,,
760,NVIDIA Bull Momentum Model,NVDA,2025-07-05,2025-07-08,3.0,159.34,170.36,160.0,,,-6.501820007531074,1.0,6.92,,,
761,Long Bull Model,QQQ,2025-07-05,2025-07-08,3.0,556.22,561.42,552.03,0.93,HOLD,-1.6881809356010187,0.0,,,,
762,Long Bull Model,QQQ,2025-07-05,2025-07-06,1.0,556.22,557.95,556.22,0.31,HOLD,-0.31102801049944595,0.0,,,,
763,QQQ Trading Signal,QQQ,2025-07-05,2025-07-08,3.0,529.92,532.43,552.03,87.3,BUY,3.6986714975845456,1.0,,,,
764,Algorand Model,ALGO-USD,2025-07-05,2025-07-08,3.0,0.1738,0.17904876,0.178964,3.02,BUY,-0.04876869965476944,1.0,,,,
765,Algorand Model,ALGO-USD,2025-07-05,2025-07-12,7.0,0.1738,0.17904876,0.219734,3.02,BUY,23.409228998849258,1.0,,,,
766,Algorand Model,ALGO-USD,2025-07-05,2025-08-04,30.0,0.1738,0.17904876,,3.02,BUY,,,,,,
767,Bitcoin Model,BTC-USD,2025-07-05,2025-07-06,1.0,108114.0,108296.96,108555.0,0.17,HOLD,0.2386739922674155,1.0,,,,
768,Bitcoin Model,BTC-USD,2025-07-05,2025-07-08,3.0,108114.0,107518.48,108774.0,0.55,HOLD,1.1612927095473335,0.0,,,,
769,Bitcoin Model,BTC-USD,2025-07-05,2025-07-12,7.0,108114.0,108300.53,117563.0,0.17,HOLD,8.567317831178203,1.0,,,,
770,NVIDIA Bull Momentum Model,NVDA,2025-07-05,2025-07-10,5.0,159.34,170.36,164.1,6.92,BUY,-3.928705911886544,1.0,,,,
771,Wishing Well QQQ Model,QQQ,2025-07-05,2025-07-08,3.0,556.22,564.5633,552.03,65.0,BUY,-2.2532990543310296,0.0,,,,
776,NVIDIA Bull Momentum Model,NVDA,2025-07-06,2025-07-09,3.0,159.34,170.36,162.88,,,-4.694364252541746,1.0,6.92,,,
777,Long Bull Model,QQQ,2025-07-06,2025-07-09,3.0,556.22,557.63,552.03,0.25,HOLD,-1.0067958721369281,0.0,,,,
778,Long Bull Model,QQQ,2025-07-06,2025-07-07,1.0,556.22,556.69,556.22,0.08,HOLD,-0.08449893926863962,0.0,,,,
779,QQQ Trading Signal,QQQ,2025-07-06,2025-07-09,3.0,529.92,532.43,552.03,87.3,BUY,3.6986714975845456,1.0,,,,
780,Algorand Model,ALGO-USD,2025-07-06,2025-07-09,3.0,0.1763,0.18007282000000002,0.178964,2.14,BUY,-0.628939307997737,1.0,,,,
781,Algorand Model,ALGO-USD,2025-07-06,2025-07-13,7.0,0.1763,0.18007282000000002,0.219734,2.14,BUY,22.49641520136131,1.0,,,,
782,Algorand Model,ALGO-USD,2025-07-06,2025-08-05,30.0,0.1763,0.18007282000000002,,2.14,BUY,,,,,,
783,Bitcoin Model,BTC-USD,2025-07-06,2025-07-07,1.0,108401.0,108566.42,107993.0,0.15,HOLD,-0.5289803599597773,0.0,,,,
784,Bitcoin Model,BTC-USD,2025-07-06,2025-07-09,3.0,108401.0,107864.1,108774.0,0.5,HOLD,0.83938340052213,0.0,,,,
785,Bitcoin Model,BTC-USD,2025-07-06,2025-07-13,7.0,108401.0,108676.55,117563.0,0.25,HOLD,8.197756478261269,1.0,,,,
786,NVIDIA Bull Momentum Model,NVDA,2025-07-06,2025-07-11,5.0,159.34,170.36,164.92,6.92,BUY,-3.4140830927576413,1.0,,,,
787,Wishing Well QQQ Model,QQQ,2025-07-06,2025-07-09,3.0,556.22,564.5633,552.03,65.0,BUY,-2.2532990543310296,0.0,,,,
792,NVIDIA Bull Momentum Model,NVDA,2025-07-07,2025-07-10,3.0,159.34,170.36,164.1,,,-3.928705911886544,1.0,6.92,,,
793,Long Bull Model,QQQ,2025-07-07,2025-07-10,3.0,556.22,555.23,552.03,0.18,HOLD,-0.5753119269353935,1.0,,,,
794,Long Bull Model,QQQ,2025-07-07,2025-07-08,1.0,556.22,555.89,552.03,0.06,HOLD,-0.693970011865811,1.0,,,,
795,QQQ Trading Signal,QQQ,2025-07-07,2025-07-10,3.0,529.92,532.43,552.03,87.3,BUY,3.6986714975845456,1.0,,,,
796,Algorand Model,ALGO-USD,2025-07-07,2025-07-10,3.0,0.1759,0.17561855999999998,0.178964,0.16,HOLD,1.901898806139871,0.0,,,,
797,Algorand Model,ALGO-USD,2025-07-07,2025-07-14,7.0,0.1759,0.17561855999999998,0.280094,0.16,HOLD,59.394792495736226,0.0,,,,
798,Algorand Model,ALGO-USD,2025-07-07,2025-08-06,30.0,0.1759,0.17561855999999998,,0.16,HOLD,,,,,,
799,Bitcoin Model,BTC-USD,2025-07-07,2025-07-08,1.0,108144.0,108320.12,108774.0,0.16,HOLD,0.41969965971297957,1.0,,,,
800,Bitcoin Model,BTC-USD,2025-07-07,2025-07-10,3.0,108144.0,108484.01,108774.0,0.31,HOLD,0.2681517236277604,1.0,,,,
801,Bitcoin Model,BTC-USD,2025-07-07,2025-07-14,7.0,108144.0,107522.48,119857.0,0.57,HOLD,11.405644326083744,0.0,,,,
802,NVIDIA Bull Momentum Model,NVDA,2025-07-07,2025-07-12,5.0,159.34,170.36,164.92,6.92,BUY,-3.4140830927576413,1.0,,,,
803,Wishing Well QQQ Model,QQQ,2025-07-07,2025-07-10,3.0,556.22,564.5633,552.03,65.0,BUY,-2.2532990543310296,0.0,,,,
808,NVIDIA Bull Momentum Model,NVDA,2025-07-08,2025-07-11,3.0,158.24,153.56,164.92,,,7.17896865520727,0.0,-2.96,,,
809,Long Bull Model,QQQ,2025-07-08,2025-07-11,3.0,552.03,551.79,555.45,0.04,HOLD,0.6630074452475557,0.0,,,,
810,Long Bull Model,QQQ,2025-07-08,2025-07-09,1.0,552.03,551.95,552.03,0.01,HOLD,0.014491966016326512,0.0,,,,
811,QQQ Trading Signal,QQQ,2025-07-08,2025-07-11,3.0,529.92,532.43,555.45,87.3,BUY,4.344051932367169,1.0,,,,
812,Algorand Model,ALGO-USD,2025-07-08,2025-07-11,3.0,0.1787,0.18036191000000001,0.228672,0.93,HOLD,27.034185786233895,1.0,,,,
813,Algorand Model,ALGO-USD,2025-07-08,2025-07-15,7.0,0.1787,0.18036191000000001,0.287658,0.93,HOLD,60.042579742585346,1.0,,,,
814,Algorand Model,ALGO-USD,2025-07-08,2025-08-07,30.0,0.1787,0.18036191000000001,,0.93,HOLD,,,,,,
815,Bitcoin Model,BTC-USD,2025-07-08,2025-07-09,1.0,108810.0,108787.81,108774.0,0.02,HOLD,-0.012691848175717002,1.0,,,,
816,Bitcoin Model,BTC-USD,2025-07-08,2025-07-11,3.0,108810.0,109662.32,118060.0,0.78,HOLD,7.71774653064975,1.0,,,,
817,Bitcoin Model,BTC-USD,2025-07-08,2025-07-15,7.0,108810.0,110598.7,117305.0,1.64,HOLD,6.1633121955702626,1.0,,,,
818,NVIDIA Bull Momentum Model,NVDA,2025-07-08,2025-07-13,5.0,158.24,153.56,164.92,2.96,SELL,7.17896865520727,0.0,,,,
819,Wishing Well QQQ Model,QQQ,2025-07-08,2025-07-11,3.0,552.03,560.31045,555.45,65.0,BUY,-0.8804684528014602,1.0,,,,
824,NVIDIA Bull Momentum Model,NVDA,2025-07-09,2025-07-12,3.0,633.99,549.62,164.92,,,-60.67919052350984,1.0,-13.31,,,
825,Long Bull Model,QQQ,2025-07-09,2025-07-12,3.0,552.03,550.15,554.2000122070312,0.34,HOLD,0.7336579908757265,0.0,,,,
826,Long Bull Model,QQQ,2025-07-09,2025-07-10,1.0,552.03,551.4,552.03,0.11,HOLD,0.11412423237867426,0.0,,,,
827,QQQ Trading Signal,QQQ,2025-07-09,2025-07-12,3.0,529.92,532.43,554.2000122070312,87.3,BUY,4.108169574092561,1.0,,,,
828,Algorand Model,ALGO-USD,2025-07-09,2025-07-12,3.0,0.179,0.18266949999999998,0.219734,2.05,BUY,20.706424581005603,1.0,,,,
829,Algorand Model,ALGO-USD,2025-07-09,2025-07-16,7.0,0.179,0.18266949999999998,0.285041,2.05,BUY,57.190782122905034,1.0,,,,
830,Algorand Model,ALGO-USD,2025-07-09,2025-08-08,30.0,0.179,0.18266949999999998,,2.05,BUY,,,,,,
831,Bitcoin Model,BTC-USD,2025-07-09,2025-07-10,1.0,108774.0,108739.65,108774.0,0.03,HOLD,0.03157923768548166,0.0,,,,
832,Bitcoin Model,BTC-USD,2025-07-09,2025-07-12,3.0,108774.0,109626.04,117563.0,0.78,HOLD,7.296743707135903,1.0,,,,
833,Bitcoin Model,BTC-USD,2025-07-09,2025-07-16,7.0,108774.0,110562.11,119227.0,1.64,HOLD,7.965956938238918,1.0,,,,
834,NVIDIA Bull Momentum Model,NVDA,2025-07-09,2025-07-14,5.0,633.99,549.62,164.92,13.31,SELL,-60.67919052350984,1.0,,,,
835,Wishing Well QQQ Model,QQQ,2025-07-09,2025-07-12,3.0,552.03,560.31045,554.2000122070312,65.0,BUY,-1.1069032105082506,1.0,,,,
840,NVIDIA Bull Momentum Model,NVDA,2025-07-11,2025-07-14,3.0,164.1,170.67,164.92,,,-3.503960999390616,1.0,4.0,,,
841,Long Bull Model,QQQ,2025-07-11,2025-07-14,3.0,555.45,556.6,554.2,0.21,HOLD,-0.4320820955981596,0.0,,,,
842,Long Bull Model,QQQ,2025-07-11,2025-07-12,1.0,555.45,555.83,554.2000122070312,0.07,HOLD,-0.29345355891057534,0.0,,,,
843,QQQ Trading Signal,QQQ,2025-07-11,2025-07-14,3.0,529.92,532.43,554.2,87.3,BUY,4.108167270531419,1.0,,,,
844,Algorand Model,ALGO-USD,2025-07-11,2025-07-14,3.0,0.2284,0.1808928,0.280094,20.8,SELL,43.43309982486866,0.0,,,,
845,Algorand Model,ALGO-USD,2025-07-11,2025-07-18,7.0,0.2284,0.1808928,0.307652,20.8,SELL,55.49877408056042,0.0,,,,
846,Algorand Model,ALGO-USD,2025-07-11,2025-08-10,30.0,0.2284,0.1808928,,20.8,SELL,,,,,,
847,Bitcoin Model,BTC-USD,2025-07-11,2025-07-12,1.0,117901.0,118278.25,117563.0,0.32,BUY,-0.606653039414424,0.0,,,,
848,Bitcoin Model,BTC-USD,2025-07-11,2025-07-14,3.0,117901.0,118360.95,119857.0,0.39,BUY,1.268903571640616,1.0,,,,
849,Bitcoin Model,BTC-USD,2025-07-11,2025-07-18,7.0,117901.0,120686.78,119497.0,2.36,BUY,-1.0091347825718178,1.0,,,,
850,NVIDIA Bull Momentum Model,NVDA,2025-07-11,2025-07-16,5.0,164.1,170.67,,4.0,BUY,,,,,,
851,Wishing Well QQQ Model,QQQ,2025-07-11,2025-07-14,3.0,555.45,563.78175,554.2,65.0,BUY,-1.7250427581240333,0.0,,,,
852,Long Bull Model,QQQ,2025-07-14,2025-07-17,3.0,554.2,554.46,557.29,0.05,HOLD,0.5106459761818706,1.0,,,,
853,Long Bull Model,QQQ,2025-07-14,2025-07-15,1.0,554.2,554.29,556.21,0.02,HOLD,0.3464453265969095,1.0,,,,
854,QQQ Trading Signal,QQQ,2025-07-14,2025-07-17,3.0,529.92,532.43,557.29,87.3,BUY,4.691274154589375,1.0,,,,
855,Algorand Model,ALGO-USD,2025-07-14,2025-07-17,3.0,0.2841,0.24941139,0.2554144263267517,12.21,SELL,2.4068813885170592,1.0,,,,
856,Algorand Model,ALGO-USD,2025-07-14,2025-07-21,7.0,0.2841,0.24941139,0.2554144263267517,12.21,SELL,2.4068813885170592,1.0,,,,
857,Algorand Model,ALGO-USD,2025-07-14,2025-08-13,30.0,0.2841,0.24941139,0.2554144263267517,12.21,SELL,2.4068813885170592,1.0,,,,
858,Bitcoin Model,BTC-USD,2025-07-14,2025-07-15,1.0,119814.0,119946.95,117919.5546875,0.11,HOLD,2.8549765737252586,0.0,,,,
859,Bitcoin Model,BTC-USD,2025-07-14,2025-07-17,3.0,119814.0,120111.19,117919.5546875,0.25,HOLD,2.8549765737252586,0.0,,,,
860,Bitcoin Model,BTC-USD,2025-07-14,2025-07-21,7.0,119814.0,121385.07,117919.5546875,1.31,HOLD,2.8549765737252586,0.0,,,,
861,NVIDIA Bull Momentum Model,NVDA,2025-07-14,2025-07-19,5.0,164.92,168.81,,2.36,BUY,,,,,,
862,Wishing Well QQQ Model,QQQ,2025-07-14,2025-07-17,3.0,554.2,562.513,557.29,65.0,BUY,-0.9424395525081324,1.0,,,,
874,Algorand Model V2,ALGO-USD,2025-07-15,2025-07-16,1.0,0.282069,0.26954496644835746,0.285041,95.0,STRONG SELL,5.4937031547750825,0.0,-4.440060251797451,,,
875,Long Bull Model V2,QQQ,2025-07-15,2025-07-20,5.0,556.21,548.4116037956038,561.26,95.0,SELL,2.3099901483965013,0.0,-1.4020596904759457,,,
876,Long Bull Model V3,QQQ,2025-07-15,2025-07-20,5.0,556.21,561.3411197293992,561.26,82.09798300232879,WEAK BUY,-0.014584370902938388,1.0,0.9225148288235112,,,
877,Long Bull Model V3.1,QQQ,2025-07-15,2025-07-22,7.0,556.21,545.54751829353,561.25,69.46153546783191,STRONG SELL,,0.0,-1.9169884947178273,0.9061325758256707,,
878,Long Bull Model V3.2,QQQ,2025-07-15,2025-07-29,14.0,556.21,553.7719318142351,568.14,36.53837262844276,HOLD,-2.528966132601974,0.0,-0.4383359137313182,2.14487333920641,-2.583209252937728,
879,Long Bull Model V3.3,QQQ,2025-07-15,2025-07-25,10.0,556.21,539.7527587638637,566.3699951171875,61.30285303326491,STRONG SELL,,0.0,-2.9588179349771475,1.8266473305383693,,
880,Long Bull Model V3.5,QQQ,2025-07-15,2025-07-20,5.0,556.21,558.9774677539627,561.26,70.95368728106708,HOLD,0.4103723856164487,1.0,0.4975580723041103,,,
883,Long Bull Model V3.2,QQQ,2025-07-15,2025-07-25,10.0,556.21,562.9592336536961,565.01,41.03247341146817,HOLD,-0.36296107083130047,1.0,1.2134326340223982,1.582136243505139,-0.3687036094827407,
884,Long Bull Model,QQQ,2025-07-15,2025-07-18,3.0,556.21,556.83,561.8,0.11,HOLD,0.8935474011614162,1.0,,,,
885,Long Bull Model,QQQ,2025-07-15,2025-07-16,1.0,556.21,556.42,556.72,0.04,HOLD,0.05393646284677876,1.0,,,,
886,QQQ Trading Signal,QQQ,2025-07-15,2025-07-18,3.0,556.21,556.24,561.8,50.0,HOLD,0.9996224447600628,1.0,,,,
887,Algorand Model,ALGO-USD,2025-07-15,2025-07-18,3.0,0.1924,0.19524751999999998,0.2554144263267517,1.48,BUY,30.815708351507737,1.0,,,,
888,Algorand Model,ALGO-USD,2025-07-15,2025-07-22,7.0,0.1924,0.19524751999999998,0.2554144263267517,1.48,BUY,30.815708351507737,1.0,,,,
889,Algorand Model,ALGO-USD,2025-07-15,2025-08-14,30.0,0.1924,0.19524751999999998,0.2554144263267517,1.48,BUY,30.815708351507737,1.0,,,,
890,Bitcoin Model,BTC-USD,2025-07-15,2025-07-16,1.0,120003.0,120077.66,117919.5546875,0.06,HOLD,0.9615262065341279,1.0,,,,
891,Bitcoin Model,BTC-USD,2025-07-15,2025-07-18,3.0,120003.0,119581.01,117919.5546875,0.35,HOLD,0.9615262065341279,1.0,,,,
892,Bitcoin Model,BTC-USD,2025-07-15,2025-07-22,7.0,120003.0,119064.39,117919.5546875,0.78,HOLD,0.9615262065341279,1.0,,,,
893,NVIDIA Bull Momentum Model,NVDA,2025-07-15,2025-07-20,5.0,164.07,161.21,,1.74,SELL,,,,,,
894,Wishing Well QQQ Model,QQQ,2025-07-15,2025-07-18,3.0,556.21,564.55315,561.8,65.0,BUY,-0.4949839089552516,1.0,,,,
908,Algorand Model V2,ALGO-USD,2025-07-16,2025-07-17,1.0,0.28544,0.27412483748285155,0.290623,95.0,STRONG SELL,-5.676826169005369,0.0,-3.9641124289337415,1.8157931614349643,-5.779905590368706,
909,Long Bull Model V3.2,QQQ,2025-07-16,2025-07-30,14.0,556.72,556.6078542195739,569.0499877929688,34.03093612098887,HOLD,,0.0,-0.020144018613672238,2.2147556748399055,,
910,Long Bull Model,QQQ,2025-07-16,2025-07-19,3.0,556.21,556.83,561.26,0.11,HOLD,0.796461768037243,1.0,,,,
911,Long Bull Model,QQQ,2025-07-16,2025-07-17,1.0,556.21,556.42,557.29,0.04,HOLD,0.15641574225562369,1.0,,,,
912,QQQ Trading Signal,QQQ,2025-07-16,2025-07-19,3.0,556.72,556.61,561.26,50.0,HOLD,0.8352493174306611,0.0,,,,
913,Algorand Model,ALGO-USD,2025-07-16,2025-07-19,3.0,0.1924,0.19524751999999998,0.2554144263267517,1.48,BUY,30.815708351507737,1.0,,,,
914,Algorand Model,ALGO-USD,2025-07-16,2025-07-23,7.0,0.1924,0.19524751999999998,0.2554144263267517,1.48,BUY,30.815708351507737,1.0,,,,
915,Algorand Model,ALGO-USD,2025-07-16,2025-08-15,30.0,0.1924,0.19524751999999998,0.2554144263267517,1.48,BUY,30.815708351507737,1.0,,,,
916,Bitcoin Model,BTC-USD,2025-07-16,2025-07-17,1.0,119074.0,118787.15,117919.5546875,0.24,HOLD,2.5948551952071095,0.0,,,,
917,Bitcoin Model,BTC-USD,2025-07-16,2025-07-19,3.0,119074.0,119715.34,117919.5546875,0.54,HOLD,2.5948551952071095,0.0,,,,
918,Bitcoin Model,BTC-USD,2025-07-16,2025-07-23,7.0,119074.0,121060.91,117919.5546875,1.67,HOLD,2.5948551952071095,0.0,,,,
919,NVIDIA Bull Momentum Model,NVDA,2025-07-16,2025-07-21,5.0,170.7,197.73,178.9550018310547,15.84,BUY,9.495270403552977,1.0,,,,
920,Wishing Well QQQ Model,QQQ,2025-07-16,2025-07-19,3.0,556.72,565.0708,561.26,65.0,BUY,-0.6845092685730658,1.0,,,,
922,Wishing Well QQQ Model,QQQ,2025-07-16,2025-07-19,,556.72,567.8544,561.26,52.45,BUY,-1.1845092685730823,1.0,2.0,,,3.0
923,NVIDIA Bull Momentum Model,NVDA,2025-07-16,2025-07-17,,170.7,176.11,178.9550018310547,,,9.495270403552977,1.0,3.17,,,1.0
926,Long Bull Model V3.2,QQQ,2025-07-16,2025-07-26,10.0,557.29,559.7045891550314,566.37,35.961438185243374,HOLD,-1.1768650961330258,1.0,0.4332733684493526,1.6293132839275914,-1.1960399154782388,
938,Algorand Model V2,ALGO-USD,2025-07-17,2025-07-18,1.0,0.289226,0.3009100216856945,0.308561,95.0,BUY,-2.4795675131677375,1.0,4.039754961758102,6.685083637017408,-2.6453286752593064,
939,Long Bull Model V3.2,QQQ,2025-07-17,2025-07-27,10.0,557.29,561.2147325733821,566.37,45.95943512674562,HOLD,-0.9102296072563715,1.0,0.7042531847659558,1.6293132839275914,-0.9250600991616357,
940,Long Bull Model,QQQ,2025-07-17,2025-07-20,3.0,556.21,556.83,561.26,0.11,HOLD,0.796461768037243,1.0,,,,
941,Long Bull Model,QQQ,2025-07-17,2025-07-18,1.0,556.21,556.42,561.8,0.04,HOLD,0.9672605670520118,1.0,,,,
942,QQQ Trading Signal,QQQ,2025-07-17,2025-07-20,3.0,557.29,835.935,561.26,50.0,HOLD,-49.28762403775412,1.0,,,,
943,Algorand Model,ALGO-USD,2025-07-17,2025-07-20,3.0,0.2892,0.30088368,0.2554144263267517,4.04,BUY,15.111904265877191,0.0,,,,
944,Algorand Model,ALGO-USD,2025-07-17,2025-07-24,7.0,0.2892,0.30088368,0.2554144263267517,4.04,BUY,15.111904265877191,0.0,,,,
945,Algorand Model,ALGO-USD,2025-07-17,2025-08-16,30.0,0.2892,0.30088368,0.2554144263267517,4.04,BUY,15.111904265877191,0.0,,,,
946,Bitcoin Model,BTC-USD,2025-07-17,2025-07-18,1.0,118490.0,118656.62,117919.5546875,0.14,HOLD,1.2207521931174234,1.0,,,,
947,Bitcoin Model,BTC-USD,2025-07-17,2025-07-20,3.0,118490.0,118218.78,117919.5546875,0.23,HOLD,1.2207521931174234,1.0,,,,
948,Bitcoin Model,BTC-USD,2025-07-17,2025-07-24,7.0,118490.0,116497.41,117919.5546875,1.68,HOLD,1.2207521931174234,1.0,,,,
949,NVIDIA Bull Momentum Model,NVDA,2025-07-17,2025-07-22,5.0,171.37,175.42,178.9550018310547,2.36,BUY,2.0151646511542016,1.0,,,,
950,Wishing Well QQQ Model,QQQ,2025-07-17,2025-07-20,3.0,557.29,565.6493499999999,561.26,65.0,BUY,-0.7876240377541177,1.0,,,,
977,Algorand Model V2,ALGO-USD,2025-07-18,2025-07-19,1.0,0.308153,0.31664740735803887,0.286819,95.0,BUY,10.399732011491176,0.0,2.7565551391804943,-6.92318426236318,9.679739401543674,
978,Long Bull Model V3.2,QQQ,2025-07-18,2025-07-28,10.0,561.8,563.6062765462298,566.37,37.403207070113076,HOLD,-0.48797137097131554,1.0,0.32151593916513543,0.8134567461730136,-0.4919408070078781,
979,Long Bull Model,QQQ,2025-07-18,2025-07-21,3.0,556.21,556.83,569.3900146484375,0.11,HOLD,2.2556282255692865,1.0,,,,
980,Long Bull Model,QQQ,2025-07-18,2025-07-19,1.0,556.21,556.42,569.3900146484375,0.04,HOLD,2.2556282255692865,1.0,,,,
981,QQQ Trading Signal,QQQ,2025-07-18,2025-07-21,3.0,561.8,563.61,569.3900146484375,50.0,HOLD,1.025534438430384,1.0,,,,
982,Algorand Model,ALGO-USD,2025-07-18,2025-07-21,3.0,0.3082,0.31670632,0.2554144263267517,2.76,BUY,19.352911452240132,0.0,,,,
983,Algorand Model,ALGO-USD,2025-07-18,2025-07-25,7.0,0.3082,0.31670632,0.2554144263267517,2.76,BUY,19.352911452240132,0.0,,,,
984,Algorand Model,ALGO-USD,2025-07-18,2025-08-17,30.0,0.3082,0.31670632,0.2554144263267517,2.76,BUY,19.352911452240132,0.0,,,,
985,Bitcoin Model,BTC-USD,2025-07-18,2025-07-19,1.0,119504.0,119633.78,117919.5546875,0.11,HOLD,1.0889693590218936,1.0,,,,
986,Bitcoin Model,BTC-USD,2025-07-18,2025-07-21,3.0,119504.0,119217.8,117919.5546875,0.24,HOLD,1.0889693590218936,1.0,,,,
987,Bitcoin Model,BTC-USD,2025-07-18,2025-07-25,7.0,119504.0,121691.29,117919.5546875,1.83,HOLD,1.0889693590218936,1.0,,,,
988,NVIDIA Bull Momentum Model,NVDA,2025-07-18,2025-07-23,5.0,173.0,180.39,178.9550018310547,4.27,BUY,0.7954976267782576,1.0,,,,
989,Wishing Well QQQ Model,QQQ,2025-07-18,2025-07-21,3.0,561.8,570.2269999999999,569.3900146484375,65.0,BUY,0.14678108044030921,1.0,,,,
1003,Long Bull Model V3.2,QQQ,2025-07-19,2025-08-02,14.0,561.26,563.1189282048215,553.88,36.97542127719278,HOLD,1.6680378791112678,0.0,0.33120625108176754,-1.3148986209599811,1.6461048720417486,
1004,Algorand Model V2,ALGO-USD,2025-07-19,2025-07-20,1.0,0.288232,0.3064347120048087,0.30088,93.29101758735847,BUY,1.846155279449856,1.0,6.31529878875654,4.388131782730587,1.9271670060259538,
1008,Algorand Model V2,ALGO-USD,2025-07-20,2025-07-21,1.0,0.299196,0.3144716852262726,0.294322,94.23934052356118,BUY,6.846136281444351,0.0,5.105578024529933,-1.6290324736961903,6.7346104982261235,
1009,Long Bull Model V3.2,QQQ,2025-07-20,2025-07-30,10.0,561.26,562.5869256321675,569.0499877929688,35.68323589200128,HOLD,,1.0,0.23641906285279918,1.3879463694132415,,
1012,Algorand Model V2,ALGO-USD,2025-07-21,2025-07-22,1.0,0.296363,0.3259402049306142,0.294322,91.45814814819515,BUY,10.742725630640672,0.0,9.980059903096606,-0.6886824603611119,10.668742363457717,
1013,Long Bull Model V3.2,QQQ,2025-07-21,2025-07-31,10.0,561.26,565.4548452487223,565.01,39.26131191925058,HOLD,0.078732278848577,1.0,0.7473978635075335,0.6681395431707315,0.07925832033680191,
1014,Algorand Model V2,ALGO-USD,2025-07-22,2025-07-23,1.0,0.294322,0.31592097962998883,0.265851,93.91388523990166,BUY,18.83385040116036,0.0,7.3385542467055975,-9.673418908542331,17.01197315524793,
1015,Long Bull Model V3.2,QQQ,2025-07-22,2025-07-29,7.0,561.26,565.318210418632,568.14,56.76201663912654,HOLD,-0.496671521344733,1.0,0.7230535613854604,1.2258133485372191,-0.5027597871517587,
1016,Algorand Model V2,ALGO-USD,2025-07-23,2025-07-24,1.0,0.26697,0.3069988371879119,0.267565,95.0,BUY,14.738040172635388,1.0,14.993758545121882,0.2228714836873147,14.770887061434568,
1017,Long Bull Model V3.2,QQQ,2025-07-23,2025-08-02,10.0,561.25,562.5183745129577,553.88,39.25144883350886,HOLD,1.5596111997107205,0.0,0.2259910045359117,-1.3131403118040064,1.539131316339918,
1018,Algorand Model V2,ALGO-USD,2025-07-24,2025-07-25,1.0,0.267043,0.2923339712763393,0.26181,95.0,BUY,11.658825589679282,0.0,9.470748634616655,-1.9596095010915748,11.430358135708229,
1019,Long Bull Model V3.2,QQQ,2025-07-24,2025-08-03,10.0,563.81,564.3220465660514,553.88,43.55665576502875,HOLD,1.8852543088848543,0.0,0.09081899328700001,-1.7612316205813938,1.8520506138683939,
1020,Algorand Model V2,ALGO-USD,2025-07-25,2025-07-26,1.0,0.261894,0.2851675446475974,0.280301,95.0,BUY,1.7361852607009582,1.0,8.886627661419277,7.028416076733346,1.8582115846859315,
1021,Long Bull Model V3.2,QQQ,2025-07-25,2025-08-08,14.0,565.01,555.7419637526621,,53.86773959113641,STRONG SELL,,,-1.640331365345378,,,
1022,Algorand Model V2,ALGO-USD,2025-07-26,2025-07-27,1.0,0.279732,0.28383549401604447,0.281965,95.0,HOLD,0.6633780845297975,1.0,1.4669376460485273,0.7982640527361973,0.66867359331233,
1023,Long Bull Model V3.2,QQQ,2025-07-26,2025-08-05,10.0,566.37,570.2108285376634,,37.849140433158944,HOLD,,,0.6781483019339548,,,
1024,Algorand Model V2,ALGO-USD,2025-07-27,2025-07-28,1.0,0.282096,0.2855880718520909,0.264927,95.0,HOLD,7.798779230539307,0.0,1.2379019383794487,-6.0862259656287225,7.324127904008171,
1025,Long Bull Model V3.2,QQQ,2025-07-27,2025-08-06,10.0,566.37,571.9004048531721,,45.691162310188034,HOLD,,,0.9764650057686626,,,
1026,Algorand Model V2,ALGO-USD,2025-07-28,2025-07-29,1.0,0.265135,0.28354750357664815,0.25182411074638367,95.0,BUY,,0.0,6.944576753973686,-5.02041950463588,,
1027,Long Bull Model V3.2,QQQ,2025-07-28,2025-08-11,14.0,566.37,559.7802512759405,,40.707950051448094,SELL,,,-1.1635059632500786,,,
1028,Algorand Model V2,ALGO-USD,2025-07-29,2025-07-30,1.0,0.258471,0.2795258992202346,0.25207552313804626,95.0,BUY,,0.0,8.145942570050234,-2.474349873662322,,
1029,Long Bull Model V3.2,QQQ,2025-07-29,2025-08-12,14.0,568.14,565.1624317331191,,39.82598702177187,SELL,,,-0.5240905880383198,,,
1030,Test Model,BTC-USD,2025-07-30,2025-07-31,1.0,45000.0,46000.0,116964.0,85.0,BUY,157.6977777777778,1.0,2.2222222222222223,,,
1031,Bitcoin Model,BTC-USD,2025-07-30,2025-07-31,1.0,116533.0,b'\xd1\xc5\xe3G',,50.0,HOLD,,,b'\x8d@\x98=',,,
1032,Bitcoin Model,BTC-USD,2025-07-30,2025-08-02,3.0,116533.0,b'\xecd\xe5G',,50.0,HOLD,,,b'\x99iI?',,,
1033,Bitcoin Model,BTC-USD,2025-07-30,2025-08-06,7.0,116533.0,b'P\x13\xe0G',,50.0,HOLD,,,b'\x97i\xc6\xbf',,,
1034,Long Bull Model V3.2,QQQ,2025-07-30,2025-08-09,10.0,567.26,565.1529289417613,,51.52534201414179,HOLD,,,-0.37144714209334734,,,
1035,Wishing Well QQQ Model,QQQ,2025-07-30,2025-08-04,5.0,567.26,606.8532916494413,,83.33333333333334,BUY,,,6.979743265776066,,,
1036,Bitcoin Model,BTC-USD,2025-07-31,2025-08-01,1.0,116964.0,b'\x96\x9f\xe4G',,50.0,HOLD,,,b'\x8c\xa3\x9f=',,,
1037,Bitcoin Model,BTC-USD,2025-07-31,2025-08-03,3.0,116964.0,b'\x1e>\xe6G',,50.0,HOLD,,,b'\x92iI?',,,
1038,Bitcoin Model,BTC-USD,2025-07-31,2025-08-07,7.0,116964.0,b'\xb3M\xe1G',,50.0,HOLD,,,b'\xb6\t\xb0\xbf',,,
1039,Long Bull Model V3.2,QQQ,2025-07-31,2025-08-10,10.0,568.02,566.8161578207524,,44.37250367286998,HOLD,,,-0.21193658308643853,,,
1040,Wishing Well QQQ Model,QQQ,2025-07-31,2025-08-05,5.0,568.02,607.658878728801,,83.33333333333334,BUY,,,6.978430113165214,,,
1041,QQQ Trading Signal,QQQ,2025-07-31,2025-08-03,3.0,568.02,570.0646861501643,553.88,30.481896168542672,HOLD,-2.8493162476962675,0.0,0.35996728111058635,,,
1042,QQQ Trading Signal,QQQ,2025-07-31,2025-08-03,3.0,565.01,567.0438511350029,553.88,30.481896168542672,HOLD,-2.3298439204621006,0.0,0.35996728111058557,,,
1043,QQQ Trading Signal,QQQ,2025-07-31,2025-08-03,3.0,565.01,567.0438511350029,553.88,30.481896168542672,HOLD,-2.3298439204621006,0.0,0.35996728111058557,,,
1044,Bitcoin Model,BTC-USD,2025-08-01,2025-08-02,1.0,113299.0,b'\xae\xa3\xddG',,50.0,HOLD,,,b'g\x02#>',,,
1045,Bitcoin Model,BTC-USD,2025-08-01,2025-08-04,3.0,113299.0,b'\x1c\xae\xddG',,50.0,HOLD,,,b'\xb6\xdc5>',,,
1046,Bitcoin Model,BTC-USD,2025-08-01,2025-08-08,7.0,113299.0,b'\xe1\x0f\xe3G',,50.0,BUY,,,"b""<\x05'@""",,,
1047,Long Bull Model V3.2,QQQ,2025-08-01,2025-08-15,14.0,565.01,565.2996615116683,,35.694259443072696,HOLD,,,0.05126661681533634,,,
1048,QQQ Trading Signal,QQQ,2025-08-01,2025-08-04,3.0,565.01,567.0427942491114,,30.46605632389764,HOLD,,,0.35978022497148043,,,
1049,Wishing Well QQQ Model,QQQ,2025-08-01,2025-08-06,5.0,565.01,604.4322514076462,,83.33333333333334,BUY,,,6.977266138235814,,,
1050,Bitcoin Model,BTC-USD,2025-08-02,2025-08-03,1.0,112693.0,"b'""F\xdcG'",,50.0,HOLD,,,b'\x14\x97\x9e=',,,
1051,Bitcoin Model,BTC-USD,2025-08-02,2025-08-05,3.0,112693.0,b'\x82\x8d\xddG',,50.0,HOLD,,,b'\x84\x8f(?',,,
1052,Bitcoin Model,BTC-USD,2025-08-02,2025-08-09,7.0,112693.0,b'\x89o\xe1G',,50.0,BUY,,,b'p\x0b\x1b@',,,
1053,Long Bull Model V3.2,QQQ,2025-08-02,2025-08-09,7.0,553.88,560.7729888453375,,53.35799172042262,HOLD,,,1.244491378157284,,,
1054,QQQ Trading Signal,QQQ,2025-08-02,2025-08-05,3.0,553.88,555.872750710072,,30.46605632389764,HOLD,,,0.35978022497146667,,,
1055,Wishing Well QQQ Model,QQQ,2025-08-02,2025-08-07,5.0,553.88,553.88,,63.33333333333333,HOLD,,,0.0,,,
1056,QQQ Master Model,QQQ,2025-08-03,2025-08-04,1.0,553.88,560.3216018976428,,65.0,BUY,,,1.1629959373226757,,,
1057,QQQ Master Model,QQQ,2025-08-03,2025-08-08,5.0,553.88,535.8940258358347,,72.0,SELL,,,-3.2472691131951503,,,
1058,Bitcoin Model,BTC-USD,2025-08-03,2025-08-04,1.0,114467.0,b'\xa5\xce\xdfG',,50.0,HOLD,,,b'\x81\xcb\xda=',,,
1059,Bitcoin Model,BTC-USD,2025-08-03,2025-08-06,3.0,114467.0,b'\xa8\x08\xe1G',,50.0,HOLD,,,"b""\xc7\xcd'?""",,,
1060,Bitcoin Model,BTC-USD,2025-08-03,2025-08-10,7.0,114467.0,b'\x06\xfc\xe4G',,50.0,BUY,,,b'q\x0b\x1b@',,,
1061,Long Bull Model V3.2,QQQ,2025-08-03,2025-08-17,14.0,553.88,564.0824333809533,,62.47929416576402,WEAK BUY,,,1.8419934608495045,,,
1062,QQQ Trading Signal,QQQ,2025-08-03,2025-08-06,3.0,553.88,555.872750710072,,30.46605632389764,HOLD,,,0.35978022497146667,,,
1063,QQQ Master Model,QQQ,2025-08-03,2025-08-04,1.0,553.88,556.0801679511176,,95.0,HOLD,,,0.39722827166852603,,,
1064,Wishing Well QQQ Model,QQQ,2025-08-03,2025-08-08,5.0,553.88,553.88,,63.33333333333333,HOLD,,,0.0,,,
1065,Long Bull Model,QQQ,2025-08-03,2025-08-06,3.0,556.21,556.83,,0.11,HOLD,,,,,,
1066,Long Bull Model,QQQ,2025-08-03,2025-08-04,1.0,556.21,556.42,,0.04,HOLD,,,,,,
1067,QQQ Trading Signal,QQQ,2025-08-03,2025-08-06,3.0,568.14,852.21,,50.0,HOLD,,,,,,
1068,Algorand Model,ALGO-USD,2025-08-03,2025-08-06,3.0,0.1924,0.19524751999999998,,1.48,BUY,,,,,,
1069,Algorand Model,ALGO-USD,2025-08-03,2025-08-10,7.0,0.1924,0.19524751999999998,,1.48,BUY,,,,,,
1070,Algorand Model,ALGO-USD,2025-08-03,2025-09-02,30.0,0.1924,0.19524751999999998,,1.48,BUY,,,,,,
1071,Bitcoin Model,BTC-USD,2025-08-03,2025-08-04,1.0,114467.0,114589.29,,0.11,BUY,,,,,,
1072,Bitcoin Model,BTC-USD,2025-08-03,2025-08-06,3.0,114467.0,115217.31,,0.66,BUY,,,,,,
1073,Bitcoin Model,BTC-USD,2025-08-03,2025-08-10,7.0,114467.0,117240.05,,2.42,BUY,,,,,,
1074,NVIDIA Bull Momentum Model,NVDA,2025-08-03,2025-08-08,5.0,173.72,158.92,,8.52,SELL,,,,,,
1075,Wishing Well QQQ Model,QQQ,2025-08-03,2025-08-06,3.0,553.88,554.98776,,50.0,HOLD,,,,,,
