date,Open,High,Low,Close,Adj Close,Volume
2019-06-21,,,,3.201412,3.201412,
2019-06-22,,,,2.158967,2.158967,
2019-06-23,,,,1.890702,1.890702,
2019-06-24,,,,1.383728,1.383728,
2019-06-25,,,,1.53729,1.53729,
2019-06-26,,,,1.583982,1.583982,
2019-06-27,,,,1.390327,1.390327,
2019-06-28,,,,1.44876,1.44876,
2019-06-29,,,,1.499694,1.499694,
2019-06-30,,,,1.434782,1.434782,
2019-07-01,,,,1.347235,1.347235,
2019-07-02,,,,1.136488,1.136488,
2019-07-03,,,,1.115418,1.115418,
2019-07-04,,,,1.009955,1.009955,
2019-07-05,,,,1.126153,1.126153,
2019-07-06,,,,1.027147,1.027147,
2019-07-07,,,,1.067867,1.067867,
2019-07-08,,,,1.052775,1.052775,
2019-07-09,,,,1.045145,1.045145,
2019-07-10,,,,1.029993,1.029993,
2019-07-11,,,,0.861834,0.861834,
2019-07-12,,,,0.890458,0.890458,
2019-07-13,,,,0.936202,0.936202,
2019-07-14,,,,0.82395,0.82395,
2019-07-15,,,,0.808505,0.808505,
2019-07-16,,,,0.644633,0.644633,
2019-07-17,,,,0.67316,0.67316,
2019-07-18,,,,0.695855,0.695855,
2019-07-19,,,,0.672026,0.672026,
2019-07-20,,,,0.710694,0.710694,
2019-07-21,,,,0.695447,0.695447,
2019-07-22,,,,0.641348,0.641348,
2019-07-23,,,,0.581043,0.581043,
2019-07-24,,,,0.604915,0.604915,
2019-07-25,,,,0.609737,0.609737,
2019-07-26,,,,0.656126,0.656126,
2019-07-27,,,,0.580435,0.580435,
2019-07-28,,,,0.574872,0.574872,
2019-07-29,,,,0.572797,0.572797,
2019-07-30,,,,0.568552,0.568552,
2019-07-31,,,,0.567098,0.567098,
2019-08-01,,,,0.557738,0.557738,
2019-08-02,,,,0.801607,0.801607,
2019-08-03,,,,0.745467,0.745467,
2019-08-04,,,,0.706384,0.706384,
2019-08-05,,,,0.794087,0.794087,
2019-08-06,,,,0.703362,0.703362,
2019-08-07,,,,0.692338,0.692338,
2019-08-08,,,,0.726802,0.726802,
2019-08-09,,,,0.804282,0.804282,
2019-08-10,,,,0.816905,0.816905,
2019-08-11,,,,0.822988,0.822988,
2019-08-12,,,,0.80267,0.80267,
2019-08-13,,,,0.802807,0.802807,
2019-08-14,,,,0.715041,0.715041,
2019-08-15,,,,0.709333,0.709333,
2019-08-16,,,,0.682015,0.682015,
2019-08-17,,,,0.684244,0.684244,
2019-08-18,,,,0.677905,0.677905,
2019-08-19,,,,0.660958,0.660958,
2019-08-20,,,,0.625582,0.625582,
2019-08-21,,,,0.567144,0.567144,
2019-08-22,,,,0.573076,0.573076,
2019-08-23,,,,0.561043,0.561043,
2019-08-24,,,,0.577248,0.577248,
2019-08-25,,,,0.544182,0.544182,
2019-08-26,,,,0.521189,0.521189,
2019-08-27,,,,0.520805,0.520805,
2019-08-28,,,,0.432766,0.432766,
2019-08-29,,,,0.401465,0.401465,
2019-08-30,,,,0.42352,0.42352,
2019-08-31,,,,0.412378,0.412378,
2019-09-01,,,,0.392044,0.392044,
2019-09-02,,,,0.392023,0.392023,
2019-09-03,,,,0.370481,0.370481,
2019-09-04,,,,0.349776,0.349776,
2019-09-05,,,,0.389644,0.389644,
2019-09-06,,,,0.347292,0.347292,
2019-09-07,,,,0.371275,0.371275,
2019-09-08,,,,0.385056,0.385056,
2019-09-09,,,,0.368633,0.368633,
2019-09-10,,,,0.366218,0.366218,
2019-09-11,,,,0.350227,0.350227,
2019-09-12,,,,0.319616,0.319616,
2019-09-13,,,,0.318429,0.318429,
2019-09-14,,,,0.321826,0.321826,
2019-09-15,,,,0.330102,0.330102,
2019-09-16,,,,0.321943,0.321943,
2019-09-17,,,,0.322029,0.322029,
2019-09-18,,,,0.339055,0.339055,
2019-09-19,,,,0.322373,0.322373,
2019-09-20,,,,0.32135,0.32135,
2019-09-21,,,,0.317157,0.317157,
2019-09-22,,,,0.3011,0.3011,
2019-09-23,,,,0.267563,0.267563,
2019-09-24,,,,0.193541,0.193541,
2019-09-25,,,,0.204924,0.204924,
2019-09-26,,,,0.19037,0.19037,
2019-09-27,,,,0.191485,0.191485,
2019-09-28,,,,0.204118,0.204118,
2019-09-29,,,,0.226822,0.226822,
2019-09-30,,,,0.249653,0.249653,
2019-10-01,,,,0.234435,0.234435,
2019-10-02,,,,0.233527,0.233527,
2019-10-03,,,,0.230503,0.230503,
2019-10-04,,,,0.23051,0.23051,
2019-10-05,,,,0.22454,0.22454,
2019-10-06,,,,0.215211,0.215211,
2019-10-07,,,,0.219839,0.219839,
2019-10-08,,,,0.233692,0.233692,
2019-10-09,,,,0.240245,0.240245,
2019-10-10,,,,0.255471,0.255471,
2019-10-11,,,,0.255221,0.255221,
2019-10-12,,,,0.258006,0.258006,
2019-10-13,,,,0.251536,0.251536,
2019-10-14,,,,0.267856,0.267856,
2019-10-15,,,,0.248558,0.248558,
2019-10-16,,,,0.228662,0.228662,
2019-10-17,,,,0.239405,0.239405,
2019-10-18,,,,0.227178,0.227178,
2019-10-19,,,,0.224819,0.224819,
2019-10-20,,,,0.223964,0.223964,
2019-10-21,,,,0.229572,0.229572,
2019-10-22,,,,0.224373,0.224373,
2019-10-23,,,,0.202086,0.202086,
2019-10-24,,,,0.203908,0.203908,
2019-10-25,,,,0.2131,0.2131,
2019-10-26,,,,0.216062,0.216062,
2019-10-27,,,,0.218714,0.218714,
2019-10-28,,,,0.232733,0.232733,
2019-10-29,,,,0.231964,0.231964,
2019-10-30,,,,0.215561,0.215561,
2019-10-31,,,,0.222128,0.222128,
2019-11-01,,,,0.262008,0.262008,
2019-11-02,,,,0.26056,0.26056,
2019-11-03,,,,0.266931,0.266931,
2019-11-04,,,,0.258805,0.258805,
2019-11-05,,,,0.288673,0.288673,
2019-11-06,,,,0.287842,0.287842,
2019-11-07,,,,0.272504,0.272504,
2019-11-08,,,,0.256504,0.256504,
2019-11-09,,,,0.259089,0.259089,
2019-11-10,,,,0.269813,0.269813,
2019-11-11,,,,0.27988,0.27988,
2019-11-12,,,,0.273554,0.273554,
2019-11-13,,,,0.286881,0.286881,
2019-11-14,,,,0.281491,0.281491,
2019-11-15,,,,0.270874,0.270874,
2019-11-16,,,,0.270113,0.270113,
2019-11-17,,,,0.271641,0.271641,
2019-11-18,,,,0.255987,0.255987,
2019-11-19,,,,0.246842,0.246842,
2019-11-20,,,,0.249792,0.249792,
2019-11-21,,,,0.241305,0.241305,
2019-11-22,,,,0.220356,0.220356,
2019-11-23,,,,0.227139,0.227139,
2019-11-24,,,,0.211774,0.211774,
2019-11-25,,,,0.207887,0.207887,
2019-11-26,,,,0.221621,0.221621,
2019-11-27,,,,0.225623,0.225623,
2019-11-28,,,,0.287681,0.287681,
2019-11-29,,,,0.276539,0.276539,
2019-11-30,,,,0.268963,0.268963,
2019-12-01,,,,0.263036,0.263036,
2019-12-02,,,,0.274679,0.274679,
2019-12-03,,,,0.284073,0.284073,
2019-12-04,,,,0.27137,0.27137,
2019-12-05,,,,0.266315,0.266315,
2019-12-06,,,,0.265688,0.265688,
2019-12-07,,,,0.274426,0.274426,
2019-12-08,,,,0.293999,0.293999,
2019-12-09,,,,0.298059,0.298059,
2019-12-10,,,,0.275121,0.275121,
2019-12-11,,,,0.284876,0.284876,
2019-12-12,,,,0.2766,0.2766,
2019-12-13,,,,0.273655,0.273655,
2019-12-14,,,,0.255372,0.255372,
2019-12-15,,,,0.266729,0.266729,
2019-12-16,,,,0.245329,0.245329,
2019-12-17,,,,0.220191,0.220191,
2019-12-18,,,,0.245779,0.245779,
2019-12-19,,,,0.231194,0.231194,
2019-12-20,,,,0.240631,0.240631,
2019-12-21,,,,0.240987,0.240987,
2019-12-22,,,,0.249273,0.249273,
2019-12-23,,,,0.240793,0.240793,
2019-12-24,,,,0.234056,0.234056,
2019-12-25,,,,0.229873,0.229873,
2019-12-26,,,,0.238972,0.238972,
2019-12-27,,,,0.230055,0.230055,
2019-12-28,,,,0.233757,0.233757,
2019-12-29,,,,0.233668,0.233668,
2019-12-30,,,,0.226746,0.226746,
2019-12-31,,,,0.21753,0.21753,
2020-01-01,,,,0.219938,0.219938,
2020-01-02,,,,0.213518,0.213518,
2020-01-03,,,,0.228098,0.228098,
2020-01-04,,,,0.236382,0.236382,
2020-01-05,,,,0.231657,0.231657,
2020-01-06,,,,0.242145,0.242145,
2020-01-07,,,,0.23093,0.23093,
2020-01-08,,,,0.229909,0.229909,
2020-01-09,,,,0.22452,0.22452,
2020-01-10,,,,0.22633,0.22633,
2020-01-11,,,,0.22708,0.22708,
2020-01-12,,,,0.227306,0.227306,
2020-01-13,,,,0.228445,0.228445,
2020-01-14,,,,0.230721,0.230721,
2020-01-15,,,,0.246617,0.246617,
2020-01-16,,,,0.240509,0.240509,
2020-01-17,,,,0.262484,0.262484,
2020-01-18,,,,0.260282,0.260282,
2020-01-19,,,,0.240021,0.240021,
2020-01-20,,,,0.237859,0.237859,
2020-01-21,,,,0.249354,0.249354,
2020-01-22,,,,0.246741,0.246741,
2020-01-23,,,,0.234689,0.234689,
2020-01-24,,,,0.232219,0.232219,
2020-01-25,,,,0.234989,0.234989,
2020-01-26,,,,0.23778,0.23778,
2020-01-27,,,,0.240414,0.240414,
2020-01-28,,,,0.244278,0.244278,
2020-01-29,,,,0.241399,0.241399,
2020-01-30,,,,0.242196,0.242196,
2020-01-31,,,,0.248146,0.248146,
2020-02-01,,,,0.249199,0.249199,
2020-02-02,,,,0.253411,0.253411,
2020-02-03,,,,0.262931,0.262931,
2020-02-04,,,,0.281464,0.281464,
2020-02-05,,,,0.275982,0.275982,
2020-02-06,,,,0.286727,0.286727,
2020-02-07,,,,0.312775,0.312775,
2020-02-08,,,,0.30745,0.30745,
2020-02-09,,,,0.341116,0.341116,
2020-02-10,,,,0.359855,0.359855,
2020-02-11,,,,0.369222,0.369222,
2020-02-12,,,,0.389488,0.389488,
2020-02-13,,,,0.347811,0.347811,
2020-02-14,,,,0.366847,0.366847,
2020-02-15,,,,0.334362,0.334362,
2020-02-16,,,,0.34185,0.34185,
2020-02-17,,,,0.328799,0.328799,
2020-02-18,,,,0.348854,0.348854,
2020-02-19,,,,0.35048,0.35048,
2020-02-20,,,,0.437212,0.437212,
2020-02-21,,,,0.419883,0.419883,
2020-02-22,,,,0.449683,0.449683,
2020-02-23,,,,0.460819,0.460819,
2020-02-24,,,,0.49331,0.49331,
2020-02-25,,,,0.39439,0.39439,
2020-02-26,,,,0.368202,0.368202,
2020-02-27,,,,0.374524,0.374524,
2020-02-28,,,,0.348359,0.348359,
2020-02-29,,,,0.334071,0.334071,
2020-03-01,,,,0.319689,0.319689,
2020-03-02,,,,0.373439,0.373439,
2020-03-03,,,,0.370511,0.370511,
2020-03-04,,,,0.392948,0.392948,
2020-03-05,,,,0.380158,0.380158,
2020-03-06,,,,0.374041,0.374041,
2020-03-07,,,,0.339239,0.339239,
2020-03-08,,,,0.293346,0.293346,
2020-03-09,,,,0.274226,0.274226,
2020-03-10,,,,0.283476,0.283476,
2020-03-11,,,,0.27018,0.27018,
2020-03-12,,,,0.141018,0.141018,
2020-03-13,,,,0.151319,0.151319,
2020-03-14,,,,0.147685,0.147685,
2020-03-15,,,,0.148306,0.148306,
2020-03-16,,,,0.126471,0.126471,
2020-03-17,,,,0.136901,0.136901,
2020-03-18,,,,0.136103,0.136103,
2020-03-19,,,,0.15901,0.15901,
2020-03-20,,,,0.157016,0.157016,
2020-03-21,,,,0.153251,0.153251,
2020-03-22,,,,0.147241,0.147241,
2020-03-23,,,,0.158856,0.158856,
2020-03-24,,,,0.159513,0.159513,
2020-03-25,,,,0.153346,0.153346,
2020-03-26,,,,0.158889,0.158889,
2020-03-27,,,,0.157735,0.157735,
2020-03-28,,,,0.149565,0.149565,
2020-03-29,,,,0.144229,0.144229,
2020-03-30,,,,0.155357,0.155357,
2020-03-31,,,,0.154654,0.154654,
2020-04-01,,,,0.154633,0.154633,
2020-04-02,,,,0.158266,0.158266,
2020-04-03,,,,0.158818,0.158818,
2020-04-04,,,,0.177877,0.177877,
2020-04-05,,,,0.1712,0.1712,
2020-04-06,,,,0.185906,0.185906,
2020-04-07,,,,0.185242,0.185242,
2020-04-08,,,,0.203675,0.203675,
2020-04-09,,,,0.201572,0.201572,
2020-04-10,,,,0.179149,0.179149,
2020-04-11,,,,0.17833,0.17833,
2020-04-12,,,,0.180633,0.180633,
2020-04-13,,,,0.175282,0.175282,
2020-04-14,,,,0.177462,0.177462,
2020-04-15,,,,0.169146,0.169146,
2020-04-16,,,,0.185336,0.185336,
2020-04-17,,,,0.189179,0.189179,
2020-04-18,,,,0.199335,0.199335,
2020-04-19,,,,0.189497,0.189497,
2020-04-20,,,,0.17798,0.17798,
2020-04-21,,,,0.178957,0.178957,
2020-04-22,,,,0.187229,0.187229,
2020-04-23,,,,0.193978,0.193978,
2020-04-24,,,,0.210519,0.210519,
2020-04-25,,,,0.212437,0.212437,
2020-04-26,,,,0.225204,0.225204,
2020-04-27,,,,0.216837,0.216837,
2020-04-28,,,,0.217326,0.217326,
2020-04-29,,,,0.230451,0.230451,
2020-04-30,,,,0.210903,0.210903,
2020-05-01,,,,0.214678,0.214678,
2020-05-02,,,,0.219139,0.219139,
2020-05-03,,,,0.207291,0.207291,
2020-05-04,,,,0.206919,0.206919,
2020-05-05,,,,0.20994,0.20994,
2020-05-06,,,,0.200154,0.200154,
2020-05-07,,,,0.203326,0.203326,
2020-05-08,,,,0.217496,0.217496,
2020-05-09,,,,0.21537,0.21537,
2020-05-10,,,,0.191208,0.191208,
2020-05-11,,,,0.187087,0.187087,
2020-05-12,,,,0.193695,0.193695,
2020-05-13,,,,0.196145,0.196145,
2020-05-14,,,,0.197537,0.197537,
2020-05-15,,,,0.192394,0.192394,
2020-05-16,,,,0.197904,0.197904,
2020-05-17,,,,0.197791,0.197791,
2020-05-18,,,,0.200708,0.200708,
2020-05-19,,,,0.199836,0.199836,
2020-05-20,,,,0.209535,0.209535,
2020-05-21,,,,0.192696,0.192696,
2020-05-22,,,,0.204896,0.204896,
2020-05-23,,,,0.203084,0.203084,
2020-05-24,,,,0.198517,0.198517,
2020-05-25,,,,0.211387,0.211387,
2020-05-26,,,,0.217949,0.217949,
2020-05-27,,,,0.221149,0.221149,
2020-05-28,,,,0.226425,0.226425,
2020-05-29,,,,0.228985,0.228985,
2020-05-30,,,,0.243299,0.243299,
2020-05-31,,,,0.234671,0.234671,
2020-06-01,,,,0.249428,0.249428,
2020-06-02,,,,0.245331,0.245331,
2020-06-03,,,,0.242096,0.242096,
2020-06-04,,,,0.242416,0.242416,
2020-06-05,,,,0.233212,0.233212,
2020-06-06,,,,0.237173,0.237173,
2020-06-07,,,,0.23204,0.23204,
2020-06-08,,,,0.234138,0.234138,
2020-06-09,,,,0.242933,0.242933,
2020-06-10,,,,0.246903,0.246903,
2020-06-11,,,,0.231613,0.231613,
2020-06-12,,,,0.232169,0.232169,
2020-06-13,,,,0.234894,0.234894,
2020-06-14,,,,0.234678,0.234678,
2020-06-15,,,,0.227337,0.227337,
2020-06-16,,,,0.235654,0.235654,
2020-06-17,,,,0.244725,0.244725,
2020-06-18,,,,0.241149,0.241149,
2020-06-19,,,,0.23054,0.23054,
2020-06-20,,,,0.230489,0.230489,
2020-06-21,,,,0.232861,0.232861,
2020-06-22,,,,0.240285,0.240285,
2020-06-23,,,,0.248953,0.248953,
2020-06-24,,,,0.238862,0.238862,
2020-06-25,,,,0.235075,0.235075,
2020-06-26,,,,0.222505,0.222505,
2020-06-27,,,,0.205866,0.205866,
2020-06-28,,,,0.208084,0.208084,
2020-06-29,,,,0.21442,0.21442,
2020-06-30,,,,0.208412,0.208412,
2020-07-01,,,,0.21437,0.21437,
2020-07-02,,,,0.207202,0.207202,
2020-07-03,,,,0.203974,0.203974,
2020-07-04,,,,0.21721,0.21721,
2020-07-05,,,,0.215142,0.215142,
2020-07-06,,,,0.22854,0.22854,
2020-07-07,,,,0.232496,0.232496,
2020-07-08,,,,0.246869,0.246869,
2020-07-09,,,,0.242524,0.242524,
2020-07-10,,,,0.249944,0.249944,
2020-07-11,,,,0.279883,0.279883,
2020-07-12,,,,0.279149,0.279149,
2020-07-13,,,,0.265905,0.265905,
2020-07-14,,,,0.272282,0.272282,
2020-07-15,,,,0.288032,0.288032,
2020-07-16,,,,0.35224,0.35224,
2020-07-17,,,,0.346839,0.346839,
2020-07-18,,,,0.355003,0.355003,
2020-07-19,,,,0.388201,0.388201,
2020-07-20,,,,0.359709,0.359709,
2020-07-21,,,,0.345399,0.345399,
2020-07-22,,,,0.346089,0.346089,
2020-07-23,,,,0.328696,0.328696,
2020-07-24,,,,0.311912,0.311912,
2020-07-25,,,,0.319127,0.319127,
2020-07-26,,,,0.320547,0.320547,
2020-07-27,,,,0.287449,0.287449,
2020-07-28,,,,0.313289,0.313289,
2020-07-29,,,,0.308854,0.308854,
2020-07-30,,,,0.333733,0.333733,
2020-07-31,,,,0.325342,0.325342,
2020-08-01,,,,0.326553,0.326553,
2020-08-02,,,,0.301198,0.301198,
2020-08-03,,,,0.309632,0.309632,
2020-08-04,,,,0.326361,0.326361,
2020-08-05,,,,0.33621,0.33621,
2020-08-06,,,,0.363978,0.363978,
2020-08-07,,,,0.369858,0.369858,
2020-08-08,,,,0.451361,0.451361,
2020-08-09,,,,0.425507,0.425507,
2020-08-10,,,,0.46851,0.46851,
2020-08-11,,,,0.43742,0.43742,
2020-08-12,,,,0.528418,0.528418,
2020-08-13,,,,0.668282,0.668282,
2020-08-14,,,,0.638612,0.638612,
2020-08-15,,,,0.637401,0.637401,
2020-08-16,,,,0.629417,0.629417,
2020-08-17,,,,0.585884,0.585884,
2020-08-18,,,,0.558149,0.558149,
2020-08-19,,,,0.597796,0.597796,
2020-08-20,,,,0.627823,0.627823,
2020-08-21,,,,0.532032,0.532032,
2020-08-22,,,,0.568174,0.568174,
2020-08-23,,,,0.613549,0.613549,
2020-08-24,,,,0.633204,0.633204,
2020-08-25,,,,0.563522,0.563522,
2020-08-26,,,,0.551138,0.551138,
2020-08-27,,,,0.521386,0.521386,
2020-08-28,,,,0.535218,0.535218,
2020-08-29,,,,0.53667,0.53667,
2020-08-30,,,,0.518702,0.518702,
2020-08-31,,,,0.503766,0.503766,
2020-09-01,,,,0.518041,0.518041,
2020-09-02,,,,0.464489,0.464489,
2020-09-03,,,,0.351825,0.351825,
2020-09-04,,,,0.37608,0.37608,
2020-09-05,,,,0.341147,0.341147,
2020-09-06,,,,0.374635,0.374635,
2020-09-07,,,,0.369982,0.369982,
2020-09-08,,,,0.348175,0.348175,
2020-09-09,,,,0.413269,0.413269,
2020-09-10,,,,0.415243,0.415243,
2020-09-11,,,,0.412605,0.412605,
2020-09-12,,,,0.409227,0.409227,
2020-09-13,,,,0.377276,0.377276,
2020-09-14,,,,0.382977,0.382977,
2020-09-15,,,,0.35381,0.35381,
2020-09-16,,,,0.360794,0.360794,
2020-09-17,,,,0.357322,0.357322,
2020-09-18,,,,0.336943,0.336943,
2020-09-19,,,,0.342202,0.342202,
2020-09-20,,,,0.32781,0.32781,
2020-09-21,,,,0.28907,0.28907,
2020-09-22,,,,0.306797,0.306797,
2020-09-23,,,,0.267851,0.267851,
2020-09-24,,,,0.294438,0.294438,
2020-09-25,,,,0.31749,0.31749,
2020-09-26,,,,0.326303,0.326303,
2020-09-27,,,,0.31384,0.31384,
2020-09-28,,,,0.328337,0.328337,
2020-09-29,,,,0.336226,0.336226,
2020-09-30,,,,0.345711,0.345711,
2020-10-01,,,,0.334291,0.334291,
2020-10-02,,,,0.317115,0.317115,
2020-10-03,,,,0.313876,0.313876,
2020-10-04,,,,0.313273,0.313273,
2020-10-05,,,,0.317872,0.317872,
2020-10-06,,,,0.287602,0.287602,
2020-10-07,,,,0.305522,0.305522,
2020-10-08,,,,0.307375,0.307375,
2020-10-09,,,,0.330713,0.330713,
2020-10-10,,,,0.324523,0.324523,
2020-10-11,,,,0.332201,0.332201,
2020-10-12,,,,0.344425,0.344425,
2020-10-13,,,,0.343328,0.343328,
2020-10-14,,,,0.326955,0.326955,
2020-10-15,,,,0.315197,0.315197,
2020-10-16,,,,0.299194,0.299194,
2020-10-17,,,,0.312509,0.312509,
2020-10-18,,,,0.316258,0.316258,
2020-10-19,,,,0.302858,0.302858,
2020-10-20,,,,0.287303,0.287303,
2020-10-21,,,,0.301554,0.301554,
2020-10-22,,,,0.315317,0.315317,
2020-10-23,,,,0.308691,0.308691,
2020-10-24,,,,0.307377,0.307377,
2020-10-25,,,,0.303188,0.303188,
2020-10-26,,,,0.29146,0.29146,
2020-10-27,,,,0.287536,0.287536,
2020-10-28,,,,0.277327,0.277327,
2020-10-29,,,,0.256087,0.256087,
2020-10-30,,,,0.254453,0.254453,
2020-10-31,,,,0.249471,0.249471,
2020-11-01,,,,0.257291,0.257291,
2020-11-02,,,,0.246147,0.246147,
2020-11-03,,,,0.232871,0.232871,
2020-11-04,,,,0.238598,0.238598,
2020-11-05,,,,0.247707,0.247707,
2020-11-06,,,,0.276471,0.276471,
2020-11-07,,,,0.258266,0.258266,
2020-11-08,,,,0.266494,0.266494,
2020-11-09,,,,0.26062,0.26062,
2020-11-10,,,,0.286784,0.286784,
2020-11-11,,,,0.278738,0.278738,
2020-11-12,,,,0.265159,0.265159,
2020-11-13,,,,0.279745,0.279745,
2020-11-14,,,,0.265827,0.265827,
2020-11-15,,,,0.254886,0.254886,
2020-11-16,,,,0.269692,0.269692,
2020-11-17,,,,0.27403,0.27403,
2020-11-18,,,,0.267482,0.267482,
2020-11-19,,,,0.264561,0.264561,
2020-11-20,,,,0.284402,0.284402,
2020-11-21,,,,0.315294,0.315294,
2020-11-22,,,,0.29703,0.29703,
2020-11-23,,,,0.335173,0.335173,
2020-11-24,,,,0.357892,0.357892,
2020-11-25,,,,0.343715,0.343715,
2020-11-26,,,,0.301823,0.301823,
2020-11-27,,,,0.299978,0.299978,
2020-11-28,,,,0.313111,0.313111,
2020-11-29,,,,0.317558,0.317558,
2020-11-30,,,,0.328571,0.328571,
2020-12-01,,,,0.309062,0.309062,
2020-12-02,,,,0.341701,0.341701,
2020-12-03,,,,0.340721,0.340721,
2020-12-04,,,,0.326958,0.326958,
2020-12-05,,,,0.344678,0.344678,
2020-12-06,,,,0.337144,0.337144,
2020-12-07,,,,0.331154,0.331154,
2020-12-08,,,,0.300953,0.300953,
2020-12-09,,,,0.30619,0.30619,
2020-12-10,,,,0.294348,0.294348,
2020-12-11,,,,0.28989,0.28989,
2020-12-12,,,,0.309844,0.309844,
2020-12-13,,,,0.309143,0.309143,
2020-12-14,,,,0.312755,0.312755,
2020-12-15,,,,0.325476,0.325476,
2020-12-16,,,,0.339955,0.339955,
2020-12-17,,,,0.332126,0.332126,
2020-12-18,,,,0.353863,0.353863,
2020-12-19,,,,0.356627,0.356627,
2020-12-20,,,,0.339005,0.339005,
2020-12-21,,,,0.327331,0.327331,
2020-12-22,,,,0.336887,0.336887,
2020-12-23,,,,0.288886,0.288886,
2020-12-24,,,,0.313906,0.313906,
2020-12-25,,,,0.309744,0.309744,
2020-12-26,,,,0.30932,0.30932,
2020-12-27,,,,0.319123,0.319123,
2020-12-28,,,,0.356239,0.356239,
2020-12-29,,,,0.345918,0.345918,
2020-12-30,,,,0.335543,0.335543,
2020-12-31,,,,0.33404,0.33404,
2021-01-01,,,,0.398129,0.398129,
2021-01-02,,,,0.408091,0.408091,
2021-01-03,,,,0.422767,0.422767,
2021-01-04,,,,0.438666,0.438666,
2021-01-05,,,,0.479429,0.479429,
2021-01-06,,,,0.511315,0.511315,
2021-01-07,,,,0.462823,0.462823,
2021-01-08,,,,0.454769,0.454769,
2021-01-09,,,,0.486242,0.486242,
2021-01-10,,,,0.462031,0.462031,
2021-01-11,,,,0.416987,0.416987,
2021-01-12,,,,0.39769,0.39769,
2021-01-13,,,,0.450746,0.450746,
2021-01-14,,,,0.453648,0.453648,
2021-01-15,,,,0.48837,0.48837,
2021-01-16,,,,0.518892,0.518892,
2021-01-17,,,,0.584057,0.584057,
2021-01-18,,,,0.5661,0.5661,
2021-01-19,,,,0.523486,0.523486,
2021-01-20,,,,0.546025,0.546025,
2021-01-21,,,,0.461539,0.461539,
2021-01-22,,,,0.511024,0.511024,
2021-01-23,,,,0.557057,0.557057,
2021-01-24,,,,0.563449,0.563449,
2021-01-25,,,,0.558247,0.558247,
2021-01-26,,,,0.601622,0.601622,
2021-01-27,,,,0.543153,0.543153,
2021-01-28,,,,0.561167,0.561167,
2021-01-29,,,,0.64095,0.64095,
2021-01-30,,,,0.663792,0.663792,
2021-01-31,,,,0.651248,0.651248,
2021-02-01,,,,0.643448,0.643448,
2021-02-02,,,,0.652656,0.652656,
2021-02-03,,,,0.740834,0.740834,
2021-02-04,,,,0.707506,0.707506,
2021-02-05,,,,0.834116,0.834116,
2021-02-06,,,,0.810865,0.810865,
2021-02-07,,,,0.84504,0.84504,
2021-02-08,,,,1.010607,1.010607,
2021-02-09,,,,1.029017,1.029017,
2021-02-10,,,,1.03209,1.03209,
2021-02-11,,,,1.249717,1.249717,
2021-02-12,,,,1.712424,1.712424,
2021-02-13,,,,1.669695,1.669695,
2021-02-14,,,,1.472092,1.472092,
2021-02-15,,,,1.350877,1.350877,
2021-02-16,,,,1.313528,1.313528,
2021-02-17,,,,1.369261,1.369261,
2021-02-18,,,,1.400669,1.400669,
2021-02-19,,,,1.374461,1.374461,
2021-02-20,,,,1.313997,1.313997,
2021-02-21,,,,1.308164,1.308164,
2021-02-22,,,,1.14445,1.14445,
2021-02-23,,,,0.999798,0.999798,
2021-02-24,,,,1.061761,1.061761,
2021-02-25,,,,0.976009,0.976009,
2021-02-26,,,,0.971286,0.971286,
2021-02-27,,,,1.098628,1.098628,
2021-02-28,,,,1.017224,1.017224,
2021-03-01,,,,1.088458,1.088458,
2021-03-02,,,,1.080691,1.080691,
2021-03-03,,,,1.182144,1.182144,
2021-03-04,,,,1.093431,1.093431,
2021-03-05,,,,1.058036,1.058036,
2021-03-06,,,,1.054034,1.054034,
2021-03-07,,,,1.103649,1.103649,
2021-03-08,,,,1.152908,1.152908,
2021-03-09,,,,1.180618,1.180618,
2021-03-10,,,,1.109995,1.109995,
2021-03-11,,,,1.082897,1.082897,
2021-03-12,,,,1.052105,1.052105,
2021-03-13,,,,1.139641,1.139641,
2021-03-14,,,,1.13039,1.13039,
2021-03-15,,,,1.196815,1.196815,
2021-03-16,,,,1.200564,1.200564,
2021-03-17,,,,1.295041,1.295041,
2021-03-18,,,,1.262335,1.262335,
2021-03-19,,,,1.253208,1.253208,
2021-03-20,,,,1.20683,1.20683,
2021-03-21,,,,1.181771,1.181771,
2021-03-22,,,,1.10854,1.10854,
2021-03-23,,,,1.113125,1.113125,
2021-03-24,,,,1.033461,1.033461,
2021-03-25,,,,1.045247,1.045247,
2021-03-26,,,,1.117808,1.117808,
2021-03-27,,,,1.159593,1.159593,
2021-03-28,,,,1.236743,1.236743,
2021-03-29,,,,1.401068,1.401068,
2021-03-30,,,,1.326095,1.326095,
2021-03-31,,,,1.369683,1.369683,
2021-04-01,,,,1.326109,1.326109,
2021-04-02,,,,1.36127,1.36127,
2021-04-03,,,,1.269547,1.269547,
2021-04-04,,,,1.314932,1.314932,
2021-04-05,,,,1.405011,1.405011,
2021-04-06,,,,1.40085,1.40085,
2021-04-07,,,,1.30387,1.30387,
2021-04-08,,,,1.349129,1.349129,
2021-04-09,,,,1.394245,1.394245,
2021-04-10,,,,1.393407,1.393407,
2021-04-11,,,,1.520488,1.520488,
2021-04-12,,,,1.482379,1.482379,
2021-04-13,,,,1.515236,1.515236,
2021-04-14,,,,1.46612,1.46612,
2021-04-15,,,,1.574378,1.574378,
2021-04-16,,,,1.509819,1.509819,
2021-04-17,,,,1.697854,1.697854,
2021-04-18,,,,1.454038,1.454038,
2021-04-19,,,,1.293401,1.293401,
2021-04-20,,,,1.291139,1.291139,
2021-04-21,,,,1.212808,1.212808,
2021-04-22,,,,1.16385,1.16385,
2021-04-23,,,,1.164039,1.164039,
2021-04-24,,,,1.088167,1.088167,
2021-04-25,,,,1.094039,1.094039,
2021-04-26,,,,1.237956,1.237956,
2021-04-27,,,,1.309046,1.309046,
2021-04-28,,,,1.28806,1.28806,
2021-04-29,,,,1.319767,1.319767,
2021-04-30,,,,1.403603,1.403603,
2021-05-01,,,,1.394946,1.394946,
2021-05-02,,,,1.387143,1.387143,
2021-05-03,,,,1.435955,1.435955,
2021-05-04,,,,1.278506,1.278506,
2021-05-05,,,,1.442311,1.442311,
2021-05-06,,,,1.542465,1.542465,
2021-05-07,,,,1.581909,1.581909,
2021-05-08,,,,1.517409,1.517409,
2021-05-09,,,,1.512605,1.512605,
2021-05-10,,,,1.371486,1.371486,
2021-05-11,,,,1.476457,1.476457,
2021-05-12,,,,1.251076,1.251076,
2021-05-13,,,,1.352792,1.352792,
2021-05-14,,,,1.468776,1.468776,
2021-05-15,,,,1.383846,1.383846,
2021-05-16,,,,1.400199,1.400199,
2021-05-17,,,,1.285366,1.285366,
2021-05-18,,,,1.366016,1.366016,
2021-05-19,,,,0.943497,0.943497,
2021-05-20,,,,1.11316,1.11316,
2021-05-21,,,,0.980976,0.980976,
2021-05-22,,,,0.974528,0.974528,
2021-05-23,,,,0.825903,0.825903,
2021-05-24,,,,0.977903,0.977903,
2021-05-25,,,,0.976358,0.976358,
2021-05-26,,,,1.024055,1.024055,
2021-05-27,,,,0.968786,0.968786,
2021-05-28,,,,0.898697,0.898697,
2021-05-29,,,,0.829413,0.829413,
2021-05-30,,,,0.85018,0.85018,
2021-05-31,,,,0.937608,0.937608,
2021-06-01,,,,0.894697,0.894697,
2021-06-02,,,,1.018265,1.018265,
2021-06-03,,,,1.109922,1.109922,
2021-06-04,,,,1.028761,1.028761,
2021-06-05,,,,0.976601,0.976601,
2021-06-06,,,,1.024901,1.024901,
2021-06-07,,,,0.955256,0.955256,
2021-06-08,,,,0.943442,0.943442,
2021-06-09,,,,1.046551,1.046551,
2021-06-10,,,,1.04392,1.04392,
2021-06-11,,,,0.971232,0.971232,
2021-06-12,,,,0.986114,0.986114,
2021-06-13,,,,1.040552,1.040552,
2021-06-14,,,,1.086212,1.086212,
2021-06-15,,,,1.071182,1.071182,
2021-06-16,,,,1.015972,1.015972,
2021-06-17,,,,1.065078,1.065078,
2021-06-18,,,,0.985029,0.985029,
2021-06-19,,,,0.940408,0.940408,
2021-06-20,,,,0.936015,0.936015,
2021-06-21,,,,0.755001,0.755001,
2021-06-22,,,,0.743265,0.743265,
2021-06-23,,,,0.833009,0.833009,
2021-06-24,,,,0.871621,0.871621,
2021-06-25,,,,0.796802,0.796802,
2021-06-26,,,,0.809688,0.809688,
2021-06-27,,,,0.834954,0.834954,
2021-06-28,,,,0.840484,0.840484,
2021-06-29,,,,0.88496,0.88496,
2021-06-30,,,,0.882368,0.882368,
2021-07-01,,,,0.838504,0.838504,
2021-07-02,,,,0.846273,0.846273,
2021-07-03,,,,0.876621,0.876621,
2021-07-04,,,,0.879841,0.879841,
2021-07-05,,,,0.874267,0.874267,
2021-07-06,,,,0.913978,0.913978,
2021-07-07,,,,0.905079,0.905079,
2021-07-08,,,,0.869344,0.869344,
2021-07-09,,,,0.905238,0.905238,
2021-07-10,,,,0.891908,0.891908,
2021-07-11,,,,0.892433,0.892433,
2021-07-12,,,,0.870143,0.870143,
2021-07-13,,,,0.873876,0.873876,
2021-07-14,,,,0.858836,0.858836,
2021-07-15,,,,0.831208,0.831208,
2021-07-16,,,,0.784993,0.784993,
2021-07-17,,,,0.784692,0.784692,
2021-07-18,,,,0.799911,0.799911,
2021-07-19,,,,0.749254,0.749254,
2021-07-20,,,,0.697207,0.697207,
2021-07-21,,,,0.765601,0.765601,
2021-07-22,,,,0.797338,0.797338,
2021-07-23,,,,0.807986,0.807986,
2021-07-24,,,,0.828798,0.828798,
2021-07-25,,,,0.89003,0.89003,
2021-07-26,,,,0.850768,0.850768,
2021-07-27,,,,0.854212,0.854212,
2021-07-28,,,,0.842405,0.842405,
2021-07-29,,,,0.845518,0.845518,
2021-07-30,,,,0.852903,0.852903,
2021-07-31,,,,0.841249,0.841249,
2021-08-01,,,,0.814141,0.814141,
2021-08-02,,,,0.817776,0.817776,
2021-08-03,,,,0.816772,0.816772,
2021-08-04,,,,0.827781,0.827781,
2021-08-05,,,,0.851273,0.851273,
2021-08-06,,,,0.854019,0.854019,
2021-08-07,,,,0.875499,0.875499,
2021-08-08,,,,0.825421,0.825421,
2021-08-09,,,,0.855411,0.855411,
2021-08-10,,,,0.882651,0.882651,
2021-08-11,,,,0.912203,0.912203,
2021-08-12,,,,0.882887,0.882887,
2021-08-13,,,,0.954636,0.954636,
2021-08-14,,,,0.932215,0.932215,
2021-08-15,,,,0.996451,0.996451,
2021-08-16,,,,0.949383,0.949383,
2021-08-17,,,,0.884725,0.884725,
2021-08-18,,,,0.924821,0.924821,
2021-08-19,,,,1.044498,1.044498,
2021-08-20,,,,1.138164,1.138164,
2021-08-21,,,,1.147098,1.147098,
2021-08-22,,,,1.158165,1.158165,
2021-08-23,,,,1.159325,1.159325,
2021-08-24,,,,1.037633,1.037633,
2021-08-25,,,,1.06308,1.06308,
2021-08-26,,,,0.989957,0.989957,
2021-08-27,,,,1.065107,1.065107,
2021-08-28,,,,1.036796,1.036796,
2021-08-29,,,,1.021523,1.021523,
2021-08-30,,,,1.01899,1.01899,
2021-08-31,,,,1.116988,1.116988,
2021-09-01,,,,1.158855,1.158855,
2021-09-02,,,,1.145885,1.145885,
2021-09-03,,,,1.220743,1.220743,
2021-09-04,,,,1.207556,1.207556,
2021-09-05,,,,1.316672,1.316672,
2021-09-06,,,,1.46794,1.46794,
2021-09-07,,,,1.266267,1.266267,
2021-09-08,,,,1.923749,1.923749,
2021-09-09,,,,2.312248,2.312248,
2021-09-10,,,,2.004593,2.004593,
2021-09-11,,,,1.983835,1.983835,
2021-09-12,,,,2.37948,2.37948,
2021-09-13,,,,2.157169,2.157169,
2021-09-14,,,,2.037281,2.037281,
2021-09-15,,,,2.015922,2.015922,
2021-09-16,,,,2.039316,2.039316,
2021-09-17,,,,1.920465,1.920465,
2021-09-18,,,,2.072211,2.072211,
2021-09-19,,,,1.973453,1.973453,
2021-09-20,,,,1.65048,1.65048,
2021-09-21,,,,1.574855,1.574855,
2021-09-22,,,,1.842124,1.842124,
2021-09-23,,,,2.005741,2.005741,
2021-09-24,,,,1.788689,1.788689,
2021-09-25,,,,1.733007,1.733007,
2021-09-26,,,,1.773634,1.773634,
2021-09-27,,,,1.674183,1.674183,
2021-09-28,,,,1.561947,1.561947,
2021-09-29,,,,1.605074,1.605074,
2021-09-30,,,,1.628595,1.628595,
2021-10-01,,,,1.774298,1.774298,
2021-10-02,,,,1.777467,1.777467,
2021-10-03,,,,1.987661,1.987661,
2021-10-04,,,,1.933079,1.933079,
2021-10-05,,,,1.953356,1.953356,
2021-10-06,,,,1.819466,1.819466,
2021-10-07,,,,1.888237,1.888237,
2021-10-08,,,,1.899197,1.899197,
2021-10-09,,,,1.890509,1.890509,
2021-10-10,,,,1.771453,1.771453,
2021-10-11,,,,1.717525,1.717525,
2021-10-12,,,,1.744901,1.744901,
2021-10-13,,,,1.838683,1.838683,
2021-10-14,,,,1.804155,1.804155,
2021-10-15,,,,1.752944,1.752944,
2021-10-16,,,,1.796759,1.796759,
2021-10-17,,,,1.768144,1.768144,
2021-10-18,,,,1.736743,1.736743,
2021-10-19,,,,1.711154,1.711154,
2021-10-20,,,,1.788533,1.788533,
2021-10-21,,,,1.782411,1.782411,
2021-10-22,,,,1.859406,1.859406,
2021-10-23,,,,1.910205,1.910205,
2021-10-24,,,,1.816633,1.816633,
2021-10-25,,,,2.043943,2.043943,
2021-10-26,,,,2.037904,2.037904,
2021-10-27,,,,1.788678,1.788678,
2021-10-28,,,,1.8484,1.8484,
2021-10-29,,,,1.87048,1.87048,
2021-10-30,,,,1.819644,1.819644,
2021-10-31,,,,1.82869,1.82869,
2021-11-01,,,,1.833672,1.833672,
2021-11-02,,,,1.861833,1.861833,
2021-11-03,,,,1.927815,1.927815,
2021-11-04,,,,1.858965,1.858965,
2021-11-05,,,,1.848338,1.848338,
2021-11-06,,,,1.836958,1.836958,
2021-11-07,,,,1.86543,1.86543,
2021-11-08,,,,2.053813,2.053813,
2021-11-09,,,,1.944144,1.944144,
2021-11-10,,,,1.934534,1.934534,
2021-11-11,,,,2.031259,2.031259,
2021-11-12,,,,2.150452,2.150452,
2021-11-13,,,,2.082551,2.082551,
2021-11-14,,,,1.983129,1.983129,
2021-11-15,,,,1.889635,1.889635,
2021-11-16,,,,1.728312,1.728312,
2021-11-17,,,,1.660823,1.660823,
2021-11-18,,,,1.845844,1.845844,
2021-11-19,,,,1.880408,1.880408,
2021-11-20,,,,1.836293,1.836293,
2021-11-21,,,,1.833936,1.833936,
2021-11-22,,,,1.735723,1.735723,
2021-11-23,,,,1.833481,1.833481,
2021-11-24,,,,1.789303,1.789303,
2021-11-25,,,,1.752958,1.752958,
2021-11-26,,,,1.596502,1.596502,
2021-11-27,,,,1.678012,1.678012,
2021-11-28,,,,1.711715,1.711715,
2021-11-29,,,,1.777569,1.777569,
2021-11-30,,,,1.813682,1.813682,
2021-12-01,,,,1.967895,1.967895,
2021-12-02,,,,1.883214,1.883214,
2021-12-03,,,,1.743518,1.743518,
2021-12-04,,,,1.651683,1.651683,
2021-12-05,,,,1.758483,1.758483,
2021-12-06,,,,1.772159,1.772159,
2021-12-07,,,,1.690443,1.690443,
2021-12-08,,,,1.697753,1.697753,
2021-12-09,,,,1.549767,1.549767,
2021-12-10,,,,1.460471,1.460471,
2021-12-11,,,,1.526278,1.526278,
2021-12-12,,,,1.542,1.542,
2021-12-13,,,,1.321398,1.321398,
2021-12-14,,,,1.32386,1.32386,
2021-12-15,,,,1.426744,1.426744,
2021-12-16,,,,1.387747,1.387747,
2021-12-17,,,,1.348423,1.348423,
2021-12-18,,,,1.378619,1.378619,
2021-12-19,,,,1.355569,1.355569,
2021-12-20,,,,1.29536,1.29536,
2021-12-21,,,,1.355629,1.355629,
2021-12-22,,,,1.363356,1.363356,
2021-12-23,,,,1.466691,1.466691,
2021-12-24,,,,1.57394,1.57394,
2021-12-25,,,,1.572939,1.572939,
2021-12-26,,,,1.608537,1.608537,
2021-12-27,,,,1.658262,1.658262,
2021-12-28,,,,1.469383,1.469383,
2021-12-29,,,,1.579744,1.579744,
2021-12-30,,,,1.734197,1.734197,
2021-12-31,,,,1.660024,1.660024,
2022-01-01,,,,1.740108,1.740108,
2022-01-02,,,,1.674041,1.674041,
2022-01-03,,,,1.78821,1.78821,
2022-01-04,,,,1.674683,1.674683,
2022-01-05,,,,1.559897,1.559897,
2022-01-06,,,,1.566718,1.566718,
2022-01-07,,,,1.44129,1.44129,
2022-01-08,,,,1.387388,1.387388,
2022-01-09,,,,1.402032,1.402032,
2022-01-10,,,,1.368673,1.368673,
2022-01-11,,,,1.446629,1.446629,
2022-01-12,,,,1.493607,1.493607,
2022-01-13,,,,1.357751,1.357751,
2022-01-14,,,,1.384964,1.384964,
2022-01-15,,,,1.382826,1.382826,
2022-01-16,,,,1.430372,1.430372,
2022-01-17,,,,1.3485,1.3485,
2022-01-18,,,,1.319047,1.319047,
2022-01-19,,,,1.269974,1.269974,
2022-01-20,,,,1.167778,1.167778,
2022-01-21,,,,1.032348,1.032348,
2022-01-22,,,,0.949706,0.949706,
2022-01-23,,,,0.98771,0.98771,
2022-01-24,,,,0.918221,0.918221,
2022-01-25,,,,0.929292,0.929292,
2022-01-26,,,,0.926965,0.926965,
2022-01-27,,,,0.936522,0.936522,
2022-01-28,,,,0.956669,0.956669,
2022-01-29,,,,0.967955,0.967955,
2022-01-30,,,,0.945256,0.945256,
2022-01-31,,,,0.952808,0.952808,
2022-02-01,,,,0.967095,0.967095,
2022-02-02,,,,0.924892,0.924892,
2022-02-03,,,,0.931399,0.931399,
2022-02-04,,,,0.996887,0.996887,
2022-02-05,,,,1.002953,1.002953,
2022-02-06,,,,1.023854,1.023854,
2022-02-07,,,,1.07008,1.07008,
2022-02-08,,,,1.026535,1.026535,
2022-02-09,,,,1.037993,1.037993,
2022-02-10,,,,0.98157,0.98157,
2022-02-11,,,,0.916253,0.916253,
2022-02-12,,,,0.917786,0.917786,
2022-02-13,,,,0.90071,0.90071,
2022-02-14,,,,0.900218,0.900218,
2022-02-15,,,,0.970179,0.970179,
2022-02-16,,,,0.979853,0.979853,
2022-02-17,,,,0.896854,0.896854,
2022-02-18,,,,0.896618,0.896618,
2022-02-19,,,,0.899924,0.899924,
2022-02-20,,,,0.8465,0.8465,
2022-02-21,,,,0.785157,0.785157,
2022-02-22,,,,0.811232,0.811232,
2022-02-23,,,,0.787281,0.787281,
2022-02-24,,,,0.77676,0.77676,
2022-02-25,,,,0.829529,0.829529,
2022-02-26,,,,0.859006,0.859006,
2022-02-27,,,,0.797121,0.797121,
2022-02-28,,,,0.867388,0.867388,
2022-03-01,,,,0.856131,0.856131,
2022-03-02,,,,0.820205,0.820205,
2022-03-03,,,,0.797712,0.797712,
2022-03-04,,,,0.760303,0.760303,
2022-03-05,,,,0.773815,0.773815,
2022-03-06,,,,0.747422,0.747422,
2022-03-07,,,,0.732773,0.732773,
2022-03-08,,,,0.739497,0.739497,
2022-03-09,,,,0.768778,0.768778,
2022-03-10,,,,0.73121,0.73121,
2022-03-11,,,,0.703804,0.703804,
2022-03-12,,,,0.706042,0.706042,
2022-03-13,,,,0.682473,0.682473,
2022-03-14,,,,0.706907,0.706907,
2022-03-15,,,,0.716973,0.716973,
2022-03-16,,,,0.73724,0.73724,
2022-03-17,,,,0.743077,0.743077,
2022-03-18,,,,0.757296,0.757296,
2022-03-19,,,,0.764453,0.764453,
2022-03-20,,,,0.742213,0.742213,
2022-03-21,,,,0.825169,0.825169,
2022-03-22,,,,0.824602,0.824602,
2022-03-23,,,,0.837494,0.837494,
2022-03-24,,,,0.891579,0.891579,
2022-03-25,,,,0.889912,0.889912,
2022-03-26,,,,0.912392,0.912392,
2022-03-27,,,,0.948368,0.948368,
2022-03-28,,,,0.908194,0.908194,
2022-03-29,,,,0.923415,0.923415,
2022-03-30,,,,0.926929,0.926929,
2022-03-31,,,,0.927631,0.927631,
2022-04-01,,,,0.939183,0.939183,
2022-04-02,,,,0.905565,0.905565,
2022-04-03,,,,0.934088,0.934088,
2022-04-04,,,,0.883821,0.883821,
2022-04-05,,,,0.835108,0.835108,
2022-04-06,,,,0.767548,0.767548,
2022-04-07,,,,0.801546,0.801546,
2022-04-08,,,,0.757422,0.757422,
2022-04-09,,,,0.788707,0.788707,
2022-04-10,,,,0.753789,0.753789,
2022-04-11,,,,0.691414,0.691414,
2022-04-12,,,,0.724837,0.724837,
2022-04-13,,,,0.745761,0.745761,
2022-04-14,,,,0.726351,0.726351,
2022-04-15,,,,0.739456,0.739456,
2022-04-16,,,,0.744795,0.744795,
2022-04-17,,,,0.710989,0.710989,
2022-04-18,,,,0.73703,0.73703,
2022-04-19,,,,0.759519,0.759519,
2022-04-20,,,,0.741325,0.741325,
2022-04-21,,,,0.718713,0.718713,
2022-04-22,,,,0.720447,0.720447,
2022-04-23,,,,0.708088,0.708088,
2022-04-24,,,,0.700633,0.700633,
2022-04-25,,,,0.703314,0.703314,
2022-04-26,,,,0.655285,0.655285,
2022-04-27,,,,0.670329,0.670329,
2022-04-28,,,,0.699503,0.699503,
2022-04-29,,,,0.636792,0.636792,
2022-04-30,,,,0.567972,0.567972,
2022-05-01,,,,0.601941,0.601941,
2022-05-02,,,,0.615959,0.615959,
2022-05-03,,,,0.669816,0.669816,
2022-05-04,,,,0.714433,0.714433,
2022-05-05,,,,0.634279,0.634279,
2022-05-06,,,,0.696925,0.696925,
2022-05-07,,,,0.752375,0.752375,
2022-05-08,,,,0.72593,0.72593,
2022-05-09,,,,0.580643,0.580643,
2022-05-10,,,,0.584866,0.584866,
2022-05-11,,,,0.445101,0.445101,
2022-05-12,,,,0.418884,0.418884,
2022-05-13,,,,0.441429,0.441429,
2022-05-14,,,,0.463376,0.463376,
2022-05-15,,,,0.49117,0.49117,
2022-05-16,,,,0.457155,0.457155,
2022-05-17,,,,0.495451,0.495451,
2022-05-18,,,,0.433001,0.433001,
2022-05-19,,,,0.448932,0.448932,
2022-05-20,,,,0.435068,0.435068,
2022-05-21,,,,0.434132,0.434132,
2022-05-22,,,,0.444305,0.444305,
2022-05-23,,,,0.415417,0.415417,
2022-05-24,,,,0.418318,0.418318,
2022-05-25,,,,0.404882,0.404882,
2022-05-26,,,,0.380779,0.380779,
2022-05-27,,,,0.359436,0.359436,
2022-05-28,,,,0.367572,0.367572,
2022-05-29,,,,0.37834,0.37834,
2022-05-30,,,,0.419739,0.419739,
2022-05-31,,,,0.41046,0.41046,
2022-06-01,,,,0.385055,0.385055,
2022-06-02,,,,0.395174,0.395174,
2022-06-03,,,,0.381196,0.381196,
2022-06-04,,,,0.388092,0.388092,
2022-06-05,,,,0.391206,0.391206,
2022-06-06,,,,0.413006,0.413006,
2022-06-07,,,,0.399314,0.399314,
2022-06-08,,,,0.416912,0.416912,
2022-06-09,,,,0.403783,0.403783,
2022-06-10,,,,0.368867,0.368867,
2022-06-11,,,,0.346932,0.346932,
2022-06-12,,,,0.326955,0.326955,
2022-06-13,,,,0.302071,0.302071,
2022-06-14,,,,0.308923,0.308923,
2022-06-15,,,,0.339403,0.339403,
2022-06-16,,,,0.301162,0.301162,
2022-06-17,,,,0.310413,0.310413,
2022-06-18,,,,0.29591,0.29591,
2022-06-19,,,,0.314557,0.314557,
2022-06-20,,,,0.319786,0.319786,
2022-06-21,,,,0.32461,0.32461,
2022-06-22,,,,0.313972,0.313972,
2022-06-23,,,,0.336137,0.336137,
2022-06-24,,,,0.350556,0.350556,
2022-06-25,,,,0.351128,0.351128,
2022-06-26,,,,0.332298,0.332298,
2022-06-27,,,,0.329622,0.329622,
2022-06-28,,,,0.31236,0.31236,
2022-06-29,,,,0.298932,0.298932,
2022-06-30,,,,0.314742,0.314742,
2022-07-01,,,,0.303807,0.303807,
2022-07-02,,,,0.307827,0.307827,
2022-07-03,,,,0.30962,0.30962,
2022-07-04,,,,0.31972,0.31972,
2022-07-05,,,,0.307984,0.307984,
2022-07-06,,,,0.311048,0.311048,
2022-07-07,,,,0.322458,0.322458,
2022-07-08,,,,0.31484,0.31484,
2022-07-09,,,,0.321841,0.321841,
2022-07-10,,,,0.309892,0.309892,
2022-07-11,,,,0.297572,0.297572,
2022-07-12,,,,0.292787,0.292787,
2022-07-13,,,,0.31007,0.31007,
2022-07-14,,,,0.329003,0.329003,
2022-07-15,,,,0.327935,0.327935,
2022-07-16,,,,0.339818,0.339818,
2022-07-17,,,,0.337161,0.337161,
2022-07-18,,,,0.360243,0.360243,
2022-07-19,,,,0.371736,0.371736,
2022-07-20,,,,0.344766,0.344766,
2022-07-21,,,,0.349321,0.349321,
2022-07-22,,,,0.338223,0.338223,
2022-07-23,,,,0.33545,0.33545,
2022-07-24,,,,0.341262,0.341262,
2022-07-25,,,,0.313076,0.313076,
2022-07-26,,,,0.311328,0.311328,
2022-07-27,,,,0.328031,0.328031,
2022-07-28,,,,0.33672,0.33672,
2022-07-29,,,,0.336469,0.336469,
2022-07-30,,,,0.337668,0.337668,
2022-07-31,,,,0.336081,0.336081,
2022-08-01,,,,0.343176,0.343176,
2022-08-02,,,,0.326626,0.326626,
2022-08-03,,,,0.326467,0.326467,
2022-08-04,,,,0.335424,0.335424,
2022-08-05,,,,0.358431,0.358431,
2022-08-06,,,,0.349125,0.349125,
2022-08-07,,,,0.355581,0.355581,
2022-08-08,,,,0.362338,0.362338,
2022-08-09,,,,0.345813,0.345813,
2022-08-10,,,,0.363977,0.363977,
2022-08-11,,,,0.361477,0.361477,
2022-08-12,,,,0.36537,0.36537,
2022-08-13,,,,0.368266,0.368266,
2022-08-14,,,,0.364301,0.364301,
2022-08-15,,,,0.358115,0.358115,
2022-08-16,,,,0.353048,0.353048,
2022-08-17,,,,0.339597,0.339597,
2022-08-18,,,,0.333179,0.333179,
2022-08-19,,,,0.303274,0.303274,
2022-08-20,,,,0.300486,0.300486,
2022-08-21,,,,0.306784,0.306784,
2022-08-22,,,,0.30303,0.30303,
2022-08-23,,,,0.307729,0.307729,
2022-08-24,,,,0.302357,0.302357,
2022-08-25,,,,0.307252,0.307252,
2022-08-26,,,,0.282159,0.282159,
2022-08-27,,,,0.28917,0.28917,
2022-08-28,,,,0.282036,0.282036,
2022-08-29,,,,0.298179,0.298179,
2022-08-30,,,,0.291311,0.291311,
2022-08-31,,,,0.288562,0.288562,
2022-09-01,,,,0.293296,0.293296,
2022-09-02,,,,0.30166,0.30166,
2022-09-03,,,,0.302723,0.302723,
2022-09-04,,,,0.312302,0.312302,
2022-09-05,,,,0.304625,0.304625,
2022-09-06,,,,0.285601,0.285601,
2022-09-07,,,,0.299269,0.299269,
2022-09-08,,,,0.3072,0.3072,
2022-09-09,,,,0.324551,0.324551,
2022-09-10,,,,0.322638,0.322638,
2022-09-11,,,,0.32648,0.32648,
2022-09-12,,,,0.323095,0.323095,
2022-09-13,,,,0.29831,0.29831,
2022-09-14,,,,0.303199,0.303199,
2022-09-15,,,,0.294276,0.294276,
2022-09-16,,,,0.297255,0.297255,
2022-09-17,,,,0.310929,0.310929,
2022-09-18,,,,0.292523,0.292523,
2022-09-19,,,,0.317236,0.317236,
2022-09-20,,,,0.329431,0.329431,
2022-09-21,,,,0.335902,0.335902,
2022-09-22,,,,0.369825,0.369825,
2022-09-23,,,,0.400695,0.400695,
2022-09-24,,,,0.383968,0.383968,
2022-09-25,,,,0.388869,0.388869,
2022-09-26,,,,0.368133,0.368133,
2022-09-27,,,,0.353063,0.353063,
2022-09-28,,,,0.349164,0.349164,
2022-09-29,,,,0.354938,0.354938,
2022-09-30,,,,0.352421,0.352421,
2022-10-01,,,,0.355096,0.355096,
2022-10-02,,,,0.354266,0.354266,
2022-10-03,,,,0.354747,0.354747,
2022-10-04,,,,0.357408,0.357408,
2022-10-05,,,,0.353801,0.353801,
2022-10-06,,,,0.348689,0.348689,
2022-10-07,,,,0.341346,0.341346,
2022-10-08,,,,0.334289,0.334289,
2022-10-09,,,,0.338705,0.338705,
2022-10-10,,,,0.320155,0.320155,
2022-10-11,,,,0.317395,0.317395,
2022-10-12,,,,0.314306,0.314306,
2022-10-13,,,,0.319315,0.319315,
2022-10-14,,,,0.317337,0.317337,
2022-10-15,,,,0.319285,0.319285,
2022-10-16,,,,0.322672,0.322672,
2022-10-17,,,,0.330114,0.330114,
2022-10-18,,,,0.319501,0.319501,
2022-10-19,,,,0.307179,0.307179,
2022-10-20,,,,0.306993,0.306993,
2022-10-21,,,,0.312841,0.312841,
2022-10-22,,,,0.313451,0.313451,
2022-10-23,,,,0.315698,0.315698,
2022-10-24,,,,0.31445,0.31445,
2022-10-25,,,,0.331707,0.331707,
2022-10-26,,,,0.339315,0.339315,
2022-10-27,,,,0.326748,0.326748,
2022-10-28,,,,0.333787,0.333787,
2022-10-29,,,,0.338677,0.338677,
2022-10-30,,,,0.359257,0.359257,
2022-10-31,,,,0.359101,0.359101,
2022-11-01,,,,0.360018,0.360018,
2022-11-02,,,,0.361573,0.361573,
2022-11-03,,,,0.369222,0.369222,
2022-11-04,,,,0.41487,0.41487,
2022-11-05,,,,0.42339,0.42339,
2022-11-06,,,,0.404138,0.404138,
2022-11-07,,,,0.418344,0.418344,
2022-11-08,,,,0.33229,0.33229,
2022-11-09,,,,0.265106,0.265106,
2022-11-10,,,,0.319772,0.319772,
2022-11-11,,,,0.302286,0.302286,
2022-11-12,,,,0.273376,0.273376,
2022-11-13,,,,0.262177,0.262177,
2022-11-14,,,,0.260948,0.260948,
2022-11-15,,,,0.281267,0.281267,
2022-11-16,,,,0.276168,0.276168,
2022-11-17,,,,0.267976,0.267976,
2022-11-18,,,,0.297577,0.297577,
2022-11-19,,,,0.298621,0.298621,
2022-11-20,,,,0.256113,0.256113,
2022-11-21,,,,0.245101,0.245101,
2022-11-22,,,,0.240599,0.240599,
2022-11-23,,,,0.246718,0.246718,
2022-11-24,,,,0.242114,0.242114,
2022-11-25,,,,0.2436,0.2436,
2022-11-26,,,,0.240537,0.240537,
2022-11-27,,,,0.240466,0.240466,
2022-11-28,,,,0.235966,0.235966,
2022-11-29,,,,0.240555,0.240555,
2022-11-30,,,,0.2483,0.2483,
2022-12-01,,,,0.240749,0.240749,
2022-12-02,,,,0.244508,0.244508,
2022-12-03,,,,0.237916,0.237916,
2022-12-04,,,,0.240112,0.240112,
2022-12-05,,,,0.236687,0.236687,
2022-12-06,,,,0.234094,0.234094,
2022-12-07,,,,0.22157,0.22157,
2022-12-08,,,,0.224718,0.224718,
2022-12-09,,,,0.225717,0.225717,
2022-12-10,,,,0.227487,0.227487,
2022-12-11,,,,0.223087,0.223087,
2022-12-12,,,,0.218654,0.218654,
2022-12-13,,,,0.223529,0.223529,
2022-12-14,,,,0.220916,0.220916,
2022-12-15,,,,0.210502,0.210502,
2022-12-16,,,,0.185554,0.185554,
2022-12-17,,,,0.194596,0.194596,
2022-12-18,,,,0.188841,0.188841,
2022-12-19,,,,0.174175,0.174175,
2022-12-20,,,,0.178975,0.178975,
2022-12-21,,,,0.171881,0.171881,
2022-12-22,,,,0.171767,0.171767,
2022-12-23,,,,0.170122,0.170122,
2022-12-24,,,,0.168379,0.168379,
2022-12-25,,,,0.165872,0.165872,
2022-12-26,,,,0.171503,0.171503,
2022-12-27,,,,0.169975,0.169975,
2022-12-28,,,,0.167241,0.167241,
2022-12-29,,,,0.165151,0.165151,
2022-12-30,,,,0.169008,0.169008,
2022-12-31,,,,0.172818,0.172818,
2023-01-01,,,,0.177466,0.177466,
2023-01-02,,,,0.181194,0.181194,
2023-01-03,,,,0.184302,0.184302,
2023-01-04,,,,0.187093,0.187093,
2023-01-05,,,,0.183544,0.183544,
2023-01-06,,,,0.189497,0.189497,
2023-01-07,,,,0.194386,0.194386,
2023-01-08,,,,0.19955,0.19955,
2023-01-09,,,,0.200688,0.200688,
2023-01-10,,,,0.204071,0.204071,
2023-01-11,,,,0.210734,0.210734,
2023-01-12,,,,0.212526,0.212526,
2023-01-13,,,,0.221019,0.221019,
2023-01-14,,,,0.229522,0.229522,
2023-01-15,,,,0.240335,0.240335,
2023-01-16,,,,0.234289,0.234289,
2023-01-17,,,,0.229497,0.229497,
2023-01-18,,,,0.209594,0.209594,
2023-01-19,,,,0.217528,0.217528,
2023-01-20,,,,0.239776,0.239776,
2023-01-21,,,,0.239667,0.239667,
2023-01-22,,,,0.246711,0.246711,
2023-01-23,,,,0.250303,0.250303,
2023-01-24,,,,0.23704,0.23704,
2023-01-25,,,,0.245368,0.245368,
2023-01-26,,,,0.245808,0.245808,
2023-01-27,,,,0.254728,0.254728,
2023-01-28,,,,0.257302,0.257302,
2023-01-29,,,,0.262193,0.262193,
2023-01-30,,,,0.239771,0.239771,
2023-01-31,,,,0.242206,0.242206,
2023-02-01,,,,0.251032,0.251032,
2023-02-02,,,,0.255414,0.255414,
2023-02-03,,,,0.270928,0.270928,
2023-02-04,,,,0.267021,0.267021,
2023-02-05,,,,0.257102,0.257102,
2023-02-06,,,,0.255421,0.255421,
2023-02-07,,,,0.279158,0.279158,
2023-02-08,,,,0.290014,0.290014,
2023-02-09,,,,0.255304,0.255304,
2023-02-10,,,,0.25201,0.25201,
2023-02-11,,,,0.257189,0.257189,
2023-02-12,,,,0.248337,0.248337,
2023-02-13,,,,0.244658,0.244658,
2023-02-14,,,,0.25367,0.25367,
2023-02-15,,,,0.272708,0.272708,
2023-02-16,,,,0.258604,0.258604,
2023-02-17,,,,0.271575,0.271575,
2023-02-18,,,,0.273514,0.273514,
2023-02-19,,,,0.27816,0.27816,
2023-02-20,,,,0.284993,0.284993,
2023-02-21,,,,0.278345,0.278345,
2023-02-22,,,,0.271323,0.271323,
2023-02-23,,,,0.268714,0.268714,
2023-02-24,,,,0.256846,0.256846,
2023-02-25,,,,0.2513,0.2513,
2023-02-26,,,,0.255726,0.255726,
2023-02-27,,,,0.255232,0.255232,
2023-02-28,,,,0.244947,0.244947,
2023-03-01,,,,0.251219,0.251219,
2023-03-02,,,,0.242597,0.242597,
2023-03-03,,,,0.233446,0.233446,
2023-03-04,,,,0.225494,0.225494,
2023-03-05,,,,0.227186,0.227186,
2023-03-06,,,,0.225965,0.225965,
2023-03-07,,,,0.217646,0.217646,
2023-03-08,,,,0.202328,0.202328,
2023-03-09,,,,0.193574,0.193574,
2023-03-10,,,,0.189342,0.189342,
2023-03-11,,,,0.189221,0.189221,
2023-03-12,,,,0.202391,0.202391,
2023-03-13,,,,0.212931,0.212931,
2023-03-14,,,,0.222731,0.222731,
2023-03-15,,,,0.204872,0.204872,
2023-03-16,,,,0.209169,0.209169,
2023-03-17,,,,0.227241,0.227241,
2023-03-18,,,,0.215678,0.215678,
2023-03-19,,,,0.221018,0.221018,
2023-03-20,,,,0.210182,0.210182,
2023-03-21,,,,0.224551,0.224551,
2023-03-22,,,,0.214062,0.214062,
2023-03-23,,,,0.219691,0.219691,
2023-03-24,,,,0.209219,0.209219,
2023-03-25,,,,0.206541,0.206541,
2023-03-26,,,,0.210829,0.210829,
2023-03-27,,,,0.200274,0.200274,
2023-03-28,,,,0.202006,0.202006,
2023-03-29,,,,0.234327,0.234327,
2023-03-30,,,,0.224584,0.224584,
2023-03-31,,,,0.225408,0.225408,
2023-04-01,,,,0.22218,0.22218,
2023-04-02,,,,0.214095,0.214095,
2023-04-03,,,,0.214364,0.214364,
2023-04-04,,,,0.218122,0.218122,
2023-04-05,,,,0.222892,0.222892,
2023-04-06,,,,0.217775,0.217775,
2023-04-07,,,,0.219317,0.219317,
2023-04-08,,,,0.216299,0.216299,
2023-04-09,,,,0.216851,0.216851,
2023-04-10,,,,0.220739,0.220739,
2023-04-11,,,,0.219905,0.219905,
2023-04-12,,,,0.214905,0.214905,
2023-04-13,,,,0.221626,0.221626,
2023-04-14,,,,0.227652,0.227652,
2023-04-15,,,,0.232241,0.232241,
2023-04-16,,,,0.234859,0.234859,
2023-04-17,,,,0.220693,0.220693,
2023-04-18,,,,0.22236,0.22236,
2023-04-19,,,,0.199185,0.199185,
2023-04-20,,,,0.190655,0.190655,
2023-04-21,,,,0.185183,0.185183,
2023-04-22,,,,0.190106,0.190106,
2023-04-23,,,,0.187952,0.187952,
2023-04-24,,,,0.185339,0.185339,
2023-04-25,,,,0.187967,0.187967,
2023-04-26,,,,0.18084,0.18084,
2023-04-27,,,,0.183857,0.183857,
2023-04-28,,,,0.183658,0.183658,
2023-04-29,,,,0.183439,0.183439,
2023-04-30,,,,0.180947,0.180947,
2023-05-01,,,,0.17711,0.17711,
2023-05-02,,,,0.178847,0.178847,
2023-05-03,,,,0.181163,0.181163,
2023-05-04,,,,0.177013,0.177013,
2023-05-05,,,,0.181936,0.181936,
2023-05-06,,,,0.175257,0.175257,
2023-05-07,,,,0.173815,0.173815,
2023-05-08,,,,0.164139,0.164139,
2023-05-09,,,,0.165169,0.165169,
2023-05-10,,,,0.168778,0.168778,
2023-05-11,,,,0.162706,0.162706,
2023-05-12,,,,0.164558,0.164558,
2023-05-13,,,,0.162338,0.162338,
2023-05-14,,,,0.162986,0.162986,
2023-05-15,,,,0.166958,0.166958,
2023-05-16,,,,0.169541,0.169541,
2023-05-17,,,,0.172323,0.172323,
2023-05-18,,,,0.165467,0.165467,
2023-05-19,,,,0.165023,0.165023,
2023-05-20,,,,0.164626,0.164626,
2023-05-21,,,,0.161666,0.161666,
2023-05-22,,,,0.161418,0.161418,
2023-05-23,,,,0.162496,0.162496,
2023-05-24,,,,0.154387,0.154387,
2023-05-25,,,,0.150341,0.150341,
2023-05-26,,,,0.150051,0.150051,
2023-05-27,,,,0.150615,0.150615,
2023-05-28,,,,0.153251,0.153251,
2023-05-29,,,,0.151739,0.151739,
2023-05-30,,,,0.151486,0.151486,
2023-05-31,,,,0.147672,0.147672,
2023-06-01,,,,0.148217,0.148217,
2023-06-02,,,,0.151808,0.151808,
2023-06-03,,,,0.151049,0.151049,
2023-06-04,,,,0.151815,0.151815,
2023-06-05,,,,0.138053,0.138053,
2023-06-06,,,,0.137336,0.137336,
2023-06-07,,,,0.125254,0.125254,
2023-06-08,,,,0.123263,0.123263,
2023-06-09,,,,0.124213,0.124213,
2023-06-10,,,,0.111197,0.111197,
2023-06-11,,,,0.11072,0.11072,
2023-06-12,,,,0.112608,0.112608,
2023-06-13,,,,0.112908,0.112908,
2023-06-14,,,,0.112809,0.112809,
2023-06-15,,,,0.112116,0.112116,
2023-06-16,,,,0.116071,0.116071,
2023-06-17,,,,0.118381,0.118381,
2023-06-18,,,,0.114916,0.114916,
2023-06-19,,,,0.11625,0.11625,
2023-06-20,,,,0.121384,0.121384,
2023-06-21,,,,0.125792,0.125792,
2023-06-22,,,,0.125129,0.125129,
2023-06-23,,,,0.135153,0.135153,
2023-06-24,,,,0.132802,0.132802,
2023-06-25,,,,0.137123,0.137123,
2023-06-26,,,,0.129556,0.129556,
2023-06-27,,,,0.127372,0.127372,
2023-06-28,,,,0.118816,0.118816,
2023-06-29,,,,0.120258,0.120258,
2023-06-30,,,,0.121557,0.121557,
2023-07-01,,,,0.127528,0.127528,
2023-07-02,,,,0.123732,0.123732,
2023-07-03,,,,0.128217,0.128217,
2023-07-04,,,,0.124201,0.124201,
2023-07-05,,,,0.120052,0.120052,
2023-07-06,,,,0.11337,0.11337,
2023-07-07,,,,0.112461,0.112461,
2023-07-08,,,,0.1118,0.1118,
2023-07-09,,,,0.110508,0.110508,
2023-07-10,,,,0.109972,0.109972,
2023-07-11,,,,0.108581,0.108581,
2023-07-12,,,,0.106041,0.106041,
2023-07-13,,,,0.121756,0.121756,
2023-07-14,,,,0.113318,0.113318,
2023-07-15,,,,0.113598,0.113598,
2023-07-16,,,,0.115964,0.115964,
2023-07-17,,,,0.120059,0.120059,
2023-07-18,,,,0.113829,0.113829,
2023-07-19,,,,0.113964,0.113964,
2023-07-20,,,,0.114976,0.114976,
2023-07-21,,,,0.11545,0.11545,
2023-07-22,,,,0.11453,0.11453,
2023-07-23,,,,0.116086,0.116086,
2023-07-24,,,,0.109657,0.109657,
2023-07-25,,,,0.109937,0.109937,
2023-07-26,,,,0.110962,0.110962,
2023-07-27,,,,0.109934,0.109934,
2023-07-28,,,,0.110515,0.110515,
2023-07-29,,,,0.111394,0.111394,
2023-07-30,,,,0.10955,0.10955,
2023-07-31,,,,0.109766,0.109766,
2023-08-01,,,,0.110776,0.110776,
2023-08-02,,,,0.106889,0.106889,
2023-08-03,,,,0.106357,0.106357,
2023-08-04,,,,0.10593,0.10593,
2023-08-05,,,,0.106417,0.106417,
2023-08-06,,,,0.109708,0.109708,
2023-08-07,,,,0.111853,0.111853,
2023-08-08,,,,0.113128,0.113128,
2023-08-09,,,,0.112987,0.112987,
2023-08-10,,,,0.112526,0.112526,
2023-08-11,,,,0.112277,0.112277,
2023-08-12,,,,0.115533,0.115533,
2023-08-13,,,,0.116819,0.116819,
2023-08-14,,,,0.115014,0.115014,
2023-08-15,,,,0.108396,0.108396,
2023-08-16,,,,0.102512,0.102512,
2023-08-17,,,,0.093305,0.093305,
2023-08-18,,,,0.095389,0.095389,
2023-08-19,,,,0.096715,0.096715,
2023-08-20,,,,0.097289,0.097289,
2023-08-21,,,,0.096319,0.096319,
2023-08-22,,,,0.096828,0.096828,
2023-08-23,,,,0.098558,0.098558,
2023-08-24,,,,0.097254,0.097254,
2023-08-25,,,,0.096932,0.096932,
2023-08-26,,,,0.09559,0.09559,
2023-08-27,,,,0.095177,0.095177,
2023-08-28,,,,0.09728,0.09728,
2023-08-29,,,,0.100586,0.100586,
2023-08-30,,,,0.096839,0.096839,
2023-08-31,,,,0.093189,0.093189,
2023-09-01,,,,0.092012,0.092012,
2023-09-02,,,,0.094231,0.094231,
2023-09-03,,,,0.094458,0.094458,
2023-09-04,,,,0.093867,0.093867,
2023-09-05,,,,0.09403,0.09403,
2023-09-06,,,,0.094056,0.094056,
2023-09-07,,,,0.097636,0.097636,
2023-09-08,,,,0.096035,0.096035,
2023-09-09,,,,0.094197,0.094197,
2023-09-10,,,,0.09194,0.09194,
2023-09-11,,,,0.088541,0.088541,
2023-09-12,,,,0.089562,0.089562,
2023-09-13,,,,0.090961,0.090961,
2023-09-14,,,,0.093208,0.093208,
2023-09-15,,,,0.096351,0.096351,
2023-09-16,,,,0.097434,0.097434,
2023-09-17,,,,0.094926,0.094926,
2023-09-18,,,,0.096527,0.096527,
2023-09-19,,,,0.09709,0.09709,
2023-09-20,,,,0.100153,0.100153,
2023-09-21,,,,0.097565,0.097565,
2023-09-22,,,,0.10186,0.10186,
2023-09-23,,,,0.100547,0.100547,
2023-09-24,,,,0.101105,0.101105,
2023-09-25,,,,0.097653,0.097653,
2023-09-26,,,,0.095663,0.095663,
2023-09-27,,,,0.095617,0.095617,
2023-09-28,,,,0.097527,0.097527,
2023-09-29,,,,0.10156,0.10156,
2023-09-30,,,,0.103294,0.103294,
2023-10-01,,,,0.106253,0.106253,
2023-10-02,,,,0.101373,0.101373,
2023-10-03,,,,0.101121,0.101121,
2023-10-04,,,,0.099462,0.099462,
2023-10-05,,,,0.100231,0.100231,
2023-10-06,,,,0.100855,0.100855,
2023-10-07,,,,0.099975,0.099975,
2023-10-08,,,,0.101368,0.101368,
2023-10-09,,,,0.096693,0.096693,
2023-10-10,,,,0.095264,0.095264,
2023-10-11,,,,0.095025,0.095025,
2023-10-12,,,,0.093695,0.093695,
2023-10-13,,,,0.095101,0.095101,
2023-10-14,,,,0.095379,0.095379,
2023-10-15,,,,0.094429,0.094429,
2023-10-16,,,,0.094881,0.094881,
2023-10-17,,,,0.09165,0.09165,
2023-10-18,,,,0.090051,0.090051,
2023-10-19,,,,0.089601,0.089601,
2023-10-20,,,,0.091277,0.091277,
2023-10-21,,,,0.094092,0.094092,
2023-10-22,,,,0.094178,0.094178,
2023-10-23,,,,0.098134,0.098134,
2023-10-24,,,,0.10075,0.10075,
2023-10-25,,,,0.100793,0.100793,
2023-10-26,,,,0.101141,0.101141,
2023-10-27,,,,0.099301,0.099301,
2023-10-28,,,,0.101799,0.101799,
2023-10-29,,,,0.106405,0.106405,
2023-10-30,,,,0.112291,0.112291,
2023-10-31,,,,0.109366,0.109366,
2023-11-01,,,,0.11426,0.11426,
2023-11-02,,,,0.111305,0.111305,
2023-11-03,,,,0.111732,0.111732,
2023-11-04,,,,0.114809,0.114809,
2023-11-05,,,,0.121646,0.121646,
2023-11-06,,,,0.129212,0.129212,
2023-11-07,,,,0.123785,0.123785,
2023-11-08,,,,0.127542,0.127542,
2023-11-09,,,,0.123755,0.123755,
2023-11-10,,,,0.128085,0.128085,
2023-11-11,,,,0.13314,0.13314,
2023-11-12,,,,0.145738,0.145738,
2023-11-13,,,,0.133663,0.133663,
2023-11-14,,,,0.129174,0.129174,
2023-11-15,,,,0.142416,0.142416,
2023-11-16,,,,0.135806,0.135806,
2023-11-17,,,,0.135891,0.135891,
2023-11-18,,,,0.134264,0.134264,
2023-11-19,,,,0.141326,0.141326,
2023-11-20,,,,0.14163,0.14163,
2023-11-21,,,,0.124429,0.124429,
2023-11-22,,,,0.132399,0.132399,
2023-11-23,,,,0.130608,0.130608,
2023-11-24,,,,0.133513,0.133513,
2023-11-25,,,,0.140368,0.140368,
2023-11-26,,,,0.136328,0.136328,
2023-11-27,,,,0.131848,0.131848,
2023-11-28,,,,0.133092,0.133092,
2023-11-29,,,,0.133871,0.133871,
2023-11-30,,,,0.133596,0.133596,
2023-12-01,,,,0.139235,0.139235,
2023-12-02,,,,0.148066,0.148066,
2023-12-03,,,,0.151245,0.151245,
2023-12-04,,,,0.152785,0.152785,
2023-12-05,,,,0.153738,0.153738,
2023-12-06,,,,0.152903,0.152903,
2023-12-07,,,,0.164049,0.164049,
2023-12-08,,,,0.184589,0.184589,
2023-12-09,,,,0.200229,0.200229,
2023-12-10,,,,0.2013,0.2013,
2023-12-11,,,,0.202096,0.202096,
2023-12-12,,,,0.198039,0.198039,
2023-12-13,,,,0.200572,0.200572,
2023-12-14,,,,0.215977,0.215977,
2023-12-15,,,,0.195907,0.195907,
2023-12-16,,,,0.198017,0.198017,
2023-12-17,,,,0.190636,0.190636,
2023-12-18,,,,0.195306,0.195306,
2023-12-19,,,,0.192446,0.192446,
2023-12-20,,,,0.197993,0.197993,
2023-12-21,,,,0.223303,0.223303,
2023-12-22,,,,0.240177,0.240177,
2023-12-23,,,,0.235342,0.235342,
2023-12-24,,,,0.231331,0.231331,
2023-12-25,,,,0.238127,0.238127,
2023-12-26,,,,0.234494,0.234494,
2023-12-27,,,,0.229226,0.229226,
2023-12-28,,,,0.234213,0.234213,
2023-12-29,,,,0.226423,0.226423,
2023-12-30,,,,0.221767,0.221767,
2023-12-31,,,,0.222777,0.222777,
2024-01-01,,,,0.238981,0.238981,
2024-01-02,,,,0.226959,0.226959,
2024-01-03,,,,0.204728,0.204728,
2024-01-04,,,,0.207866,0.207866,
2024-01-05,,,,0.196525,0.196525,
2024-01-06,,,,0.189825,0.189825,
2024-01-07,,,,0.178021,0.178021,
2024-01-08,,,,0.195168,0.195168,
2024-01-09,,,,0.185716,0.185716,
2024-01-10,,,,0.199095,0.199095,
2024-01-11,,,,0.202669,0.202669,
2024-01-12,,,,0.186668,0.186668,
2024-01-13,,,,0.18927,0.18927,
2024-01-14,,,,0.183745,0.183745,
2024-01-15,,,,0.188285,0.188285,
2024-01-16,,,,0.195854,0.195854,
2024-01-17,,,,0.190792,0.190792,
2024-01-18,,,,0.178699,0.178699,
2024-01-19,,,,0.172817,0.172817,
2024-01-20,,,,0.171854,0.171854,
2024-01-21,,,,0.170053,0.170053,
2024-01-22,,,,0.161065,0.161065,
2024-01-23,,,,0.159785,0.159785,
2024-01-24,,,,0.163116,0.163116,
2024-01-25,,,,0.160961,0.160961,
2024-01-26,,,,0.166729,0.166729,
2024-01-27,,,,0.167631,0.167631,
2024-01-28,,,,0.163954,0.163954,
2024-01-29,,,,0.168878,0.168878,
2024-01-30,,,,0.164368,0.164368,
2024-01-31,,,,0.159256,0.159256,
2024-02-01,,,,0.158842,0.158842,
2024-02-02,,,,0.160839,0.160839,
2024-02-03,,,,0.165656,0.165656,
2024-02-04,,,,0.158905,0.158905,
2024-02-05,,,,0.159778,0.159778,
2024-02-06,,,,0.162222,0.162222,
2024-02-07,,,,0.168106,0.168106,
2024-02-08,,,,0.168901,0.168901,
2024-02-09,,,,0.174396,0.174396,
2024-02-10,,,,0.175363,0.175363,
2024-02-11,,,,0.179369,0.179369,
2024-02-12,,,,0.183233,0.183233,
2024-02-13,,,,0.177898,0.177898,
2024-02-14,,,,0.183661,0.183661,
2024-02-15,,,,0.187787,0.187787,
2024-02-16,,,,0.194307,0.194307,
2024-02-17,,,,0.19045,0.19045,
2024-02-18,,,,0.196245,0.196245,
2024-02-19,,,,0.203696,0.203696,
2024-02-20,,,,0.196506,0.196506,
2024-02-21,,,,0.188909,0.188909,
2024-02-22,,,,0.188808,0.188808,
2024-02-23,,,,0.185485,0.185485,
2024-02-24,,,,0.197098,0.197098,
2024-02-25,,,,0.207436,0.207436,
2024-02-26,,,,0.211569,0.211569,
2024-02-27,,,,0.208434,0.208434,
2024-02-28,,,,0.211052,0.211052,
2024-02-29,,,,0.211692,0.211692,
2024-03-01,,,,0.22825,0.22825,
2024-03-02,,,,0.247732,0.247732,
2024-03-03,,,,0.250821,0.250821,
2024-03-04,,,,0.250839,0.250839,
2024-03-05,,,,0.231586,0.231586,
2024-03-06,,,,0.259207,0.259207,
2024-03-07,,,,0.280696,0.280696,
2024-03-08,,,,0.271756,0.271756,
2024-03-09,,,,0.269598,0.269598,
2024-03-10,,,,0.262832,0.262832,
2024-03-11,,,,0.29175,0.29175,
2024-03-12,,,,0.316963,0.316963,
2024-03-13,,,,0.318879,0.318879,
2024-03-14,,,,0.311766,0.311766,
2024-03-15,,,,0.298564,0.298564,
2024-03-16,,,,0.267156,0.267156,
2024-03-17,,,,0.275427,0.275427,
2024-03-18,,,,0.251715,0.251715,
2024-03-19,,,,0.230169,0.230169,
2024-03-20,,,,0.250512,0.250512,
2024-03-21,,,,0.248546,0.248546,
2024-03-22,,,,0.240446,0.240446,
2024-03-23,,,,0.248443,0.248443,
2024-03-24,,,,0.256103,0.256103,
2024-03-25,,,,0.268201,0.268201,
2024-03-26,,,,0.280121,0.280121,
2024-03-27,,,,0.270657,0.270657,
2024-03-28,,,,0.272634,0.272634,
2024-03-29,,,,0.26848,0.26848,
2024-03-30,,,,0.260236,0.260236,
2024-03-31,,,,0.267922,0.267922,
2024-04-01,,,,0.25169,0.25169,
2024-04-02,,,,0.234102,0.234102,
2024-04-03,,,,0.232557,0.232557,
2024-04-04,,,,0.237161,0.237161,
2024-04-05,,,,0.229768,0.229768,
2024-04-06,,,,0.233884,0.233884,
2024-04-07,,,,0.235433,0.235433,
2024-04-08,,,,0.245496,0.245496,
2024-04-09,,,,0.2318,0.2318,
2024-04-10,,,,0.230523,0.230523,
2024-04-11,,,,0.227998,0.227998,
2024-04-12,,,,0.194067,0.194067,
2024-04-13,,,,0.168352,0.168352,
2024-04-14,,,,0.179547,0.179547,
2024-04-15,,,,0.170328,0.170328,
2024-04-16,,,,0.174311,0.174311,
2024-04-17,,,,0.168472,0.168472,
2024-04-18,,,,0.174659,0.174659,
2024-04-19,,,,0.175139,0.175139,
2024-04-20,,,,0.191592,0.191592,
2024-04-21,,,,0.187399,0.187399,
2024-04-22,,,,0.195441,0.195441,
2024-04-23,,,,0.193793,0.193793,
2024-04-24,,,,0.211807,0.211807,
2024-04-25,,,,0.200442,0.200442,
2024-04-26,,,,0.197808,0.197808,
2024-04-27,,,,0.198362,0.198362,
2024-04-28,,,,0.192969,0.192969,
2024-04-29,,,,0.190659,0.190659,
2024-04-30,,,,0.177978,0.177978,
2024-05-01,,,,0.180666,0.180666,
2024-05-02,,,,0.181256,0.181256,
2024-05-03,,,,0.191979,0.191979,
2024-05-04,,,,0.192794,0.192794,
2024-05-05,,,,0.196579,0.196579,
2024-05-06,,,,0.193962,0.193962,
2024-05-07,,,,0.19078,0.19078,
2024-05-08,,,,0.187163,0.187163,
2024-05-09,,,,0.193469,0.193469,
2024-05-10,,,,0.183348,0.183348,
2024-05-11,,,,0.178725,0.178725,
2024-05-12,,,,0.176983,0.176983,
2024-05-13,,,,0.177583,0.177583,
2024-05-14,,,,0.171307,0.171307,
2024-05-15,,,,0.179894,0.179894,
2024-05-16,,,,0.174119,0.174119,
2024-05-17,,,,0.183038,0.183038,
2024-05-18,,,,0.182902,0.182902,
2024-05-19,,,,0.174932,0.174932,
2024-05-20,,,,0.188551,0.188551,
2024-05-21,,,,0.188201,0.188201,
2024-05-22,,,,0.185297,0.185297,
2024-05-23,,,,0.181342,0.181342,
2024-05-24,,,,0.188478,0.188478,
2024-05-25,,,,0.193544,0.193544,
2024-05-26,,,,0.1894,0.1894,
2024-05-27,,,,0.19653,0.19653,
2024-05-28,,,,0.19416,0.19416,
2024-05-29,,,,0.189215,0.189215,
2024-05-30,,,,0.189763,0.189763,
2024-05-31,,,,0.188251,0.188251,
2024-06-01,,,,0.188121,0.188121,
2024-06-02,,,,0.182618,0.182618,
2024-06-03,,,,0.183739,0.183739,
2024-06-04,,,,0.186215,0.186215,
2024-06-05,,,,0.188607,0.188607,
2024-06-06,,,,0.185761,0.185761,
2024-06-07,,,,0.174718,0.174718,
2024-06-08,,,,0.166229,0.166229,
2024-06-09,,,,0.17033,0.17033,
2024-06-10,,,,0.166508,0.166508,
2024-06-11,,,,0.159192,0.159192,
2024-06-12,,,,0.165918,0.165918,
2024-06-13,,,,0.155851,0.155851,
2024-06-14,,,,0.151206,0.151206,
2024-06-15,,,,0.152267,0.152267,
2024-06-16,,,,0.155554,0.155554,
2024-06-17,,,,0.145217,0.145217,
2024-06-18,,,,0.133988,0.133988,
2024-06-19,,,,0.138543,0.138543,
2024-06-20,,,,0.138125,0.138125,
2024-06-21,,,,0.139142,0.139142,
2024-06-22,,,,0.133955,0.133955,
2024-06-23,,,,0.132289,0.132289,
2024-06-24,,,,0.135239,0.135239,
2024-06-25,,,,0.141103,0.141103,
2024-06-26,,,,0.140683,0.140683,
2024-06-27,,,,0.142665,0.142665,
2024-06-28,,,,0.139645,0.139645,
2024-06-29,,,,0.138958,0.138958,
2024-06-30,,,,0.144199,0.144199,
2024-07-01,,,,0.146676,0.146676,
2024-07-02,,,,0.149769,0.149769,
2024-07-03,,,,0.142548,0.142548,
2024-07-04,,,,0.13131,0.13131,
2024-07-05,,,,0.130555,0.130555,
2024-07-06,,,,0.138802,0.138802,
2024-07-07,,,,0.12652,0.12652,
2024-07-08,,,,0.133269,0.133269,
2024-07-09,,,,0.139579,0.139579,
2024-07-10,,,,0.139354,0.139354,
2024-07-11,,,,0.137211,0.137211,
2024-07-12,,,,0.138146,0.138146,
2024-07-13,,,,0.143416,0.143416,
2024-07-14,,,,0.151989,0.151989,
2024-07-15,,,,0.158088,0.158088,
2024-07-16,,,,0.158656,0.158656,
2024-07-17,,,,0.154832,0.154832,
2024-07-18,,,,0.151881,0.151881,
2024-07-19,,,,0.157986,0.157986,
2024-07-20,,,,0.158237,0.158237,
2024-07-21,,,,0.159345,0.159345,
2024-07-22,,,,0.15108,0.15108,
2024-07-23,,,,0.143609,0.143609,
2024-07-24,,,,0.139898,0.139898,
2024-07-25,,,,0.137177,0.137177,
2024-07-26,,,,0.142683,0.142683,
2024-07-27,,,,0.14312,0.14312,
2024-07-28,,,,0.139165,0.139165,
2024-07-29,,,,0.138931,0.138931,
2024-07-30,,,,0.137592,0.137592,
2024-07-31,,,,0.135707,0.135707,
2024-08-01,,,,0.13473,0.13473,
2024-08-02,,,,0.124071,0.124071,
2024-08-03,,,,0.120628,0.120628,
2024-08-04,,,,0.114632,0.114632,
2024-08-05,,,,0.11025,0.11025,
2024-08-06,,,,0.112588,0.112588,
2024-08-07,,,,0.109672,0.109672,
2024-08-08,,,,0.122318,0.122318,
2024-08-09,,,,0.120169,0.120169,
2024-08-10,,,,0.121075,0.121075,
2024-08-11,,,,0.115332,0.115332,
2024-08-12,,,,0.119725,0.119725,
2024-08-13,,,,0.121132,0.121132,
2024-08-14,,,,0.119572,0.119572,
2024-08-15,,,,0.115632,0.115632,
2024-08-16,,,,0.115717,0.115717,
2024-08-17,,,,0.118394,0.118394,
2024-08-18,,,,0.118782,0.118782,
2024-08-19,,,,0.123927,0.123927,
2024-08-20,,,,0.128037,0.128037,
2024-08-21,,,,0.134775,0.134775,
2024-08-22,,,,0.135714,0.135714,
2024-08-23,,,,0.144157,0.144157,
2024-08-24,,,,0.14649,0.14649,
2024-08-25,,,,0.141801,0.141801,
2024-08-26,,,,0.13451,0.13451,
2024-08-27,,,,0.128208,0.128208,
2024-08-28,,,,0.126901,0.126901,
2024-08-29,,,,0.126659,0.126659,
2024-08-30,,,,0.128458,0.128458,
2024-08-31,,,,0.123299,0.123299,
2024-09-01,,,,0.1185,0.1185,
2024-09-02,,,,0.125558,0.125558,
2024-09-03,,,,0.119394,0.119394,
2024-09-04,,,,0.122431,0.122431,
2024-09-05,,,,0.117728,0.117728,
2024-09-06,,,,0.11618,0.11618,
2024-09-07,,,,0.120739,0.120739,
2024-09-08,,,,0.125175,0.125175,
2024-09-09,,,,0.127913,0.127913,
2024-09-10,,,,0.129443,0.129443,
2024-09-11,,,,0.12708,0.12708,
2024-09-12,,,,0.130032,0.130032,
2024-09-13,,,,0.13327,0.13327,
2024-09-14,,,,0.13126,0.13126,
2024-09-15,,,,0.126471,0.126471,
2024-09-16,,,,0.123654,0.123654,
2024-09-17,,,,0.123988,0.123988,
2024-09-18,,,,0.127525,0.127525,
2024-09-19,,,,0.1315,0.1315,
2024-09-20,,,,0.132845,0.132845,
2024-09-21,,,,0.136266,0.136266,
2024-09-22,,,,0.132188,0.132188,
2024-09-23,,,,0.134137,0.134137,
2024-09-24,,,,0.138596,0.138596,
2024-09-25,,,,0.137208,0.137208,
2024-09-26,,,,0.14364,0.14364,
2024-09-27,,,,0.144252,0.144252,
2024-09-28,,,,0.141307,0.141307,
2024-09-29,,,,0.141271,0.141271,
2024-09-30,,,,0.134293,0.134293,
2024-10-01,,,,0.124859,0.124859,
2024-10-02,,,,0.121247,0.121247,
2024-10-03,,,,0.121994,0.121994,
2024-10-04,,,,0.125906,0.125906,
2024-10-05,,,,0.12584,0.12584,
2024-10-06,,,,0.126813,0.126813,
2024-10-07,,,,0.124701,0.124701,
2024-10-08,,,,0.121194,0.121194,
2024-10-09,,,,0.118652,0.118652,
2024-10-10,,,,0.118355,0.118355,
2024-10-11,,,,0.121299,0.121299,
2024-10-12,,,,0.121841,0.121841,
2024-10-13,,,,0.120701,0.120701,
2024-10-14,,,,0.126666,0.126666,
2024-10-15,,,,0.125687,0.125687,
2024-10-16,,,,0.123048,0.123048,
2024-10-17,,,,0.119712,0.119712,
2024-10-18,,,,0.123201,0.123201,
2024-10-19,,,,0.123335,0.123335,
2024-10-20,,,,0.130341,0.130341,
2024-10-21,,,,0.125711,0.125711,
2024-10-22,,,,0.124148,0.124148,
2024-10-23,,,,0.120823,0.120823,
2024-10-24,,,,0.122025,0.122025,
2024-10-25,,,,0.114072,0.114072,
2024-10-26,,,,0.114471,0.114471,
2024-10-27,,,,0.115826,0.115826,
2024-10-28,,,,0.118339,0.118339,
2024-10-29,,,,0.123783,0.123783,
2024-10-30,,,,0.120749,0.120749,
2024-10-31,,,,0.114318,0.114318,
2024-11-01,,,,0.114605,0.114605,
2024-11-02,,,,0.113706,0.113706,
2024-11-03,,,,0.109492,0.109492,
2024-11-04,,,,0.109266,0.109266,
2024-11-05,,,,0.114116,0.114116,
2024-11-06,,,,0.121886,0.121886,
2024-11-07,,,,0.12255,0.12255,
2024-11-08,,,,0.131384,0.131384,
2024-11-09,,,,0.133862,0.133862,
2024-11-10,,,,0.145507,0.145507,
2024-11-11,,,,0.159221,0.159221,
2024-11-12,,,,0.154718,0.154718,
2024-11-13,,,,0.145827,0.145827,
2024-11-14,,,,0.145413,0.145413,
2024-11-15,,,,0.185345,0.185345,
2024-11-16,,,,0.196944,0.196944,
2024-11-17,,,,0.1837,0.1837,
2024-11-18,,,,0.215898,0.215898,
2024-11-19,,,,0.224012,0.224012,
2024-11-20,,,,0.211538,0.211538,
2024-11-21,,,,0.214368,0.214368,
2024-11-22,,,,0.259216,0.259216,
2024-11-23,,,,0.293757,0.293757,
2024-11-24,,,,0.284098,0.284098,
2024-11-25,,,,0.25988,0.25988,
2024-11-26,,,,0.297465,0.297465,
2024-11-27,,,,0.29311,0.29311,
2024-11-28,,,,0.324069,0.324069,
2024-11-29,,,,0.440863,0.440863,
2024-11-30,,,,0.442626,0.442626,
2024-12-01,,,,0.487577,0.487577,
2024-12-02,,,,0.501887,0.501887,
2024-12-03,,,,0.507671,0.507671,
2024-12-04,,,,0.478719,0.478719,
2024-12-05,,,,0.452681,0.452681,
2024-12-06,,,,0.500477,0.500477,
2024-12-07,,,,0.510838,0.510838,
2024-12-08,,,,0.498363,0.498363,
2024-12-09,,,,0.41875,0.41875,
2024-12-10,,,,0.425199,0.425199,
2024-12-11,,,,0.45444,0.45444,
2024-12-12,,,,0.428219,0.428219,
2024-12-13,,,,0.437866,0.437866,
2024-12-14,,,,0.421125,0.421125,
2024-12-15,,,,0.430749,0.430749,
2024-12-16,,,,0.413686,0.413686,
2024-12-17,,,,0.413019,0.413019,
2024-12-18,,,,0.367352,0.367352,
2024-12-19,,,,0.333495,0.333495,
2024-12-20,,,,0.34757,0.34757,
2024-12-21,,,,0.328528,0.328528,
2024-12-22,,,,0.347588,0.347588,
2024-12-23,,,,0.375027,0.375027,
2024-12-24,,,,0.396752,0.396752,
2024-12-25,,,,0.381021,0.381021,
2024-12-26,,,,0.346441,0.346441,
2024-12-27,,,,0.332537,0.332537,
2024-12-28,,,,0.344383,0.344383,
2024-12-29,,,,0.325304,0.325304,
2024-12-30,,,,0.328583,0.328583,
2024-12-31,,,,0.333701,0.333701,
2025-01-01,,,,0.37627,0.37627,
2025-01-02,,,,0.392243,0.392243,
2025-01-03,,,,0.418233,0.418233,
2025-01-04,,,,0.409769,0.409769,
2025-01-05,,,,0.405151,0.405151,
2025-01-06,,,,0.414976,0.414976,
2025-01-07,,,,0.373641,0.373641,
2025-01-08,,,,0.359189,0.359189,
2025-01-09,,,,0.341968,0.341968,
2025-01-10,,,,0.37329,0.37329,
2025-01-11,,,,0.377304,0.377304,
2025-01-12,,,,0.360541,0.360541,
2025-01-13,,,,0.349098,0.349098,
2025-01-14,,,,0.372422,0.372422,
2025-01-15,,,,0.445472,0.445472,
2025-01-16,,,,0.463761,0.463761,
2025-01-17,,,,0.469528,0.469528,
2025-01-18,,,,0.445599,0.445599,
2025-01-19,,,,0.396312,0.396312,
2025-01-20,,,,0.428893,0.428893,
2025-01-21,,,,0.423952,0.423952,
2025-01-22,,,,0.405001,0.405001,
2025-01-23,,,,0.410016,0.410016,
2025-01-24,,,,0.400092,0.400092,
2025-01-25,,,,0.402702,0.402702,
2025-01-26,,,,0.382297,0.382297,
2025-01-27,,,,0.386873,0.386873,
2025-01-28,,,,0.363522,0.363522,
2025-01-29,,,,0.369225,0.369225,
2025-01-30,,,,0.388054,0.388054,
2025-01-31,,,,0.378921,0.378921,
2025-02-01,,,,0.348928,0.348928,
2025-02-02,,,,0.300382,0.300382,
2025-02-03,,,,0.312798,0.312798,
2025-02-04,,,,0.292107,0.292107,
2025-02-05,,,,0.281765,0.281765,
2025-02-06,,,,0.266832,0.266832,
2025-02-07,,,,0.269621,0.269621,
2025-02-08,,,,0.276054,0.276054,
2025-02-09,,,,0.275661,0.275661,
2025-02-10,,,,0.290005,0.290005,
2025-02-11,,,,0.286073,0.286073,
2025-02-12,,,,0.302816,0.302816,
2025-02-13,,,,0.2933,0.2933,
2025-02-14,,,,0.296606,0.296606,
2025-02-15,,,,0.2843,0.2843,
2025-02-16,,,,0.275423,0.275423,
2025-02-17,,,,0.269941,0.269941,
2025-02-18,,,,0.257051,0.257051,
2025-02-19,,,,0.261396,0.261396,
2025-02-20,,,,0.270941,0.270941,
2025-02-21,,,,0.263418,0.263418,
2025-02-22,,,,0.266298,0.266298,
2025-02-23,,,,0.259736,0.259736,
2025-02-24,,,,0.227253,0.227253,
2025-02-25,,,,0.231582,0.231582,
2025-02-26,,,,0.235312,0.235312,
2025-02-27,,,,0.237519,0.237519,
2025-02-28,,,,0.237818,0.237818,
2025-03-01,,,,0.253222,0.253222,
2025-03-02,,,,0.290612,0.290612,
2025-03-03,,,,0.237896,0.237896,
2025-03-04,,,,0.239038,0.239038,
2025-03-05,,,,0.250029,0.250029,
2025-03-06,,,,0.240526,0.240526,
2025-03-07,,,,0.233065,0.233065,
2025-03-08,,,,0.224456,0.224456,
2025-03-09,,,,0.201109,0.201109,
2025-03-10,,,,0.184227,0.184227,
2025-03-11,,,,0.190734,0.190734,
2025-03-12,,,,0.195385,0.195385,
2025-03-13,,,,0.195565,0.195565,
2025-03-14,,,,0.19864,0.19864,
2025-03-15,,,,0.199921,0.199921,
2025-03-16,,,,0.186405,0.186405,
2025-03-17,,,,0.19132,0.19132,
2025-03-18,,,,0.186488,0.186488,
2025-03-19,,,,0.199716,0.199716,
2025-03-20,,,,0.195271,0.195271,
2025-03-21,,,,0.187185,0.187185,
2025-03-22,,,,0.187834,0.187834,
2025-03-23,,,,0.191629,0.191629,
2025-03-24,,,,0.203396,0.203396,
2025-03-25,,,,0.211669,0.211669,
2025-03-26,,,,0.20685,0.20685,
2025-03-27,,,,0.211793,0.211793,
2025-03-28,,,,0.199517,0.199517,
2025-03-29,,,,0.183962,0.183962,
2025-03-30,,,,0.179391,0.179391,
2025-03-31,,,,0.180097,0.180097,
2025-04-01,,,,0.189034,0.189034,
2025-04-02,,,,0.177347,0.177347,
2025-04-03,,,,0.180682,0.180682,
2025-04-04,,,,0.186036,0.186036,
2025-04-05,,,,0.183157,0.183157,
2025-04-06,,,,0.162071,0.162071,
2025-04-07,,,,0.166729,0.166729,
2025-04-08,,,,0.154741,0.154741,
2025-04-09,,,,0.180351,0.180351,
2025-04-10,,,,0.176429,0.176429,
2025-04-11,,,,0.180165,0.180165,
2025-04-12,,,,0.191035,0.191035,
2025-04-13,,,,0.18273,0.18273,
2025-04-14,,,,0.188746,0.188746,
2025-04-15,,,,0.17961,0.17961,
2025-04-16,,,,0.181409,0.181409,
2025-04-17,,,,0.186686,0.186686,
2025-04-18,,,,0.18941,0.18941,
2025-04-19,,,,0.193206,0.193206,
2025-04-20,,,,0.193021,0.193021,
2025-04-21,,,,0.193114,0.193114,
2025-04-22,,,,0.209483,0.209483,
2025-04-23,,,,0.213846,0.213846,
2025-04-24,,,,0.225782,0.225782,
2025-04-25,,,,0.227798,0.227798,
2025-04-26,,,,0.228649,0.228649,
2025-04-27,,,,0.221652,0.221652,
2025-04-28,,,,0.230485,0.230485,
2025-04-29,,,,0.226628,0.226628,
2025-04-30,,,,0.219822,0.219822,
2025-05-01,,,,0.217327,0.217327,
2025-05-02,,,,0.215475,0.215475,
2025-05-03,,,,0.207487,0.207487,
2025-05-04,,,,0.199647,0.199647,
2025-05-05,,,,0.19942,0.19942,
2025-05-06,,,,0.199389,0.199389,
2025-05-07,,,,0.199252,0.199252,
2025-05-08,,,,0.225029,0.225029,
2025-05-09,,,,0.232561,0.232561,
2025-05-10,,,,0.253076,0.253076,
2025-05-11,,,,0.239516,0.239516,
2025-05-12,,,,0.242514,0.242514,
2025-05-13,,,,0.236874,0.236874,
2025-05-24,0.220524,0.220524,0.220524,0.220524,0.220524,0.0
2025-05-25,0.21629,0.21629,0.21629,0.223527,0.223527,0.0
2025-05-26,0.216676,0.216676,0.216676,0.216676,0.216676,0.0
2025-05-27,0.223573,0.223573,0.223573,0.223573,0.223573,0.0
2025-05-28,0.213877,0.213877,0.213877,0.213877,0.213877,0.0
2025-05-29,0.21131,0.21131,0.21131,0.21131,0.21131,0.0
2025-05-30,0.200154,0.200154,0.200154,0.200154,0.200154,0.0
2025-05-31,0.196029,0.196029,0.196029,0.196029,0.196029,0.0
2025-06-01,0.195577,0.195577,0.195577,0.195577,0.195577,0.0
2025-06-02,0.191942,0.191942,0.191942,0.191942,0.191942,0.0
2025-06-03,0.201552,0.201552,0.201552,0.201552,0.201552,0.0
2025-06-04,0.192505,0.192505,0.192505,0.192505,0.192505,0.0
2025-06-05,0.18396,0.18396,0.18396,0.18396,0.18396,0.0
2025-06-06,0.187795,0.187795,0.187795,0.187795,0.187795,0.0
2025-06-07,0.191875,0.191875,0.191875,0.191875,0.191875,0.0
2025-06-08,0.192416,0.192416,0.192416,0.192416,0.192416,0.0
2025-06-09,0.199238,0.199238,0.199238,0.199238,0.199238,0.0
2025-06-11,0.196917,0.196917,0.196917,0.196917,0.196917,0.0
2025-06-12,0.181535,0.181535,0.181535,0.181535,0.181535,0.0
2025-06-13,0.177641,0.177641,0.177641,0.177641,0.177641,0.0
2025-06-14,0.175602,0.175602,0.175602,0.175602,0.175602,0.0
2025-06-15,0.173882,0.173882,0.173882,0.173882,0.173882,0.0
2025-06-16,0.185292,0.185292,0.185292,0.185292,0.185292,0.0
2025-06-17,0.173139,0.173139,0.173139,0.173139,0.173139,0.0
2025-06-18,0.16726,0.16726,0.16726,0.16726,0.16726,0.0
2025-06-19,0.169503,0.169503,0.169503,0.169503,0.169503,0.0
2025-06-20,0.167635,0.167635,0.167635,0.167635,0.167635,0.0
2025-06-21,0.162291,0.162291,0.162291,0.162291,0.162291,0.0
2025-06-22,0.155688,0.155688,0.155688,0.155688,0.155688,0.0
2025-06-23,0.169982,0.169982,0.169982,0.169982,0.169982,0.0
2025-06-24,0.1818,0.1818,0.1818,0.1818,0.1818,0.0
2025-06-25,0.17815,0.17815,0.17815,0.17815,0.17815,0.0
2025-06-26,0.17248,0.17248,0.17248,0.17248,0.17248,0.0
2025-06-27,0.17201,0.17201,0.17201,0.17201,0.17201,0.0
2025-06-28,0.17628,0.17628,0.17628,0.17628,0.17628,0.0
2025-06-29,0.180675,0.180675,0.180675,0.180675,0.180675,0.0
2025-06-30,0.184476,0.184476,0.184476,0.184476,0.184476,0.0
2025-07-01,0.170937,0.170937,0.170937,0.170937,0.170937,0.0
2025-07-02,0.18296,0.18296,0.18296,0.18296,0.18296,0.0
2025-07-03,0.183755,0.183755,0.183755,0.183755,0.183755,0.0
2025-07-04,0.172734,0.172734,0.172734,0.172734,0.172734,0.0
2025-07-05,0.174357,0.174357,0.174357,0.174357,0.174357,0.0
2025-07-06,0.1765,0.1765,0.1765,0.1765,0.1765,0.0
2025-07-07,0.174863,0.174863,0.174863,0.174863,0.174863,0.0
2025-07-08,0.178964,0.178964,0.178964,0.178964,0.178964,0.0
2025-07-09,0.178964,0.178964,0.178964,0.178964,0.178964,0.0
2025-07-11,0.228672,0.228672,0.228672,0.228672,0.228672,0.0
2025-07-12,0.219387,0.219387,0.219387,0.219734,0.219734,0.0
2025-07-14,0.280094,0.280094,0.280094,0.280094,0.280094,0.0
